filename,file_size,file_attributes,region_count,region_id,region_shape_attributes,region_attributes
SHUF00000.jpg,291860,"{}",1,0,"{""name"":""point"",""cx"":897,""cy"":1127}","{}"
SHUF00001.jpg,557918,"{}",1,0,"{""name"":""point"",""cx"":1931,""cy"":1689}","{}"
SHUF00002.jpg,423396,"{}",1,0,"{""name"":""point"",""cx"":1615,""cy"":1228}","{}"
SHUF00003.jpg,177753,"{}",1,0,"{""name"":""point"",""cx"":1295,""cy"":1114}","{}"
SHUF00004.jpg,516597,"{}",1,0,"{""name"":""point"",""cx"":1443,""cy"":1680}","{}"
SHUF00005.jpg,461866,"{}",1,0,"{""name"":""point"",""cx"":1820,""cy"":1475}","{}"
SHUF00006.jpg,344899,"{}",1,0,"{""name"":""point"",""cx"":1472,""cy"":1268}","{}"
SHUF00007.jpg,305573,"{}",1,0,"{""name"":""point"",""cx"":1366,""cy"":1271}","{}"
SHUF00008.jpg,457525,"{}",1,0,"{""name"":""point"",""cx"":1071,""cy"":1588}","{}"
SHUF00009.jpg,296192,"{}",1,0,"{""name"":""point"",""cx"":924,""cy"":1089}","{}"
SHUF00010.jpg,267872,"{}",1,0,"{""name"":""point"",""cx"":1414,""cy"":1130}","{}"
SHUF00011.jpg,195560,"{}",1,0,"{""name"":""point"",""cx"":897,""cy"":1247}","{}"
SHUF00012.jpg,309041,"{}",1,0,"{""name"":""point"",""cx"":1102,""cy"":1217}","{}"
SHUF00013.jpg,209969,"{}",1,0,"{""name"":""point"",""cx"":1394,""cy"":1109}","{}"
SHUF00014.jpg,147316,"{}",1,0,"{""name"":""point"",""cx"":1192,""cy"":954}","{}"
SHUF00015.jpg,232093,"{}",1,0,"{""name"":""point"",""cx"":899,""cy"":1185}","{}"
SHUF00016.jpg,290284,"{}",1,0,"{""name"":""point"",""cx"":1113,""cy"":1317}","{}"
SHUF00017.jpg,484592,"{}",1,0,"{""name"":""point"",""cx"":877,""cy"":1165}","{}"
SHUF00018.jpg,241556,"{}",1,0,"{""name"":""point"",""cx"":1428,""cy"":1159}","{}"
SHUF00019.jpg,315224,"{}",1,0,"{""name"":""point"",""cx"":1120,""cy"":1146}","{}"
SHUF00020.jpg,579869,"{}",1,0,"{""name"":""point"",""cx"":1992,""cy"":1660}","{}"
SHUF00021.jpg,628754,"{}",1,0,"{""name"":""point"",""cx"":2260,""cy"":1726}","{}"
SHUF00022.jpg,345636,"{}",1,0,"{""name"":""point"",""cx"":1476,""cy"":1188}","{}"
SHUF00023.jpg,247993,"{}",1,0,"{""name"":""point"",""cx"":1170,""cy"":993}","{}"
SHUF00024.jpg,230405,"{}",1,0,"{""name"":""point"",""cx"":731,""cy"":1141}","{}"
SHUF00025.jpg,661764,"{}",1,0,"{""name"":""point"",""cx"":2098,""cy"":1661}","{}"
SHUF00026.jpg,213186,"{}",1,0,"{""name"":""point"",""cx"":1401,""cy"":1109}","{}"
SHUF00027.jpg,623459,"{}",1,0,"{""name"":""point"",""cx"":1817,""cy"":1575}","{}"
SHUF00028.jpg,516327,"{}",1,0,"{""name"":""point"",""cx"":1102,""cy"":1626}","{}"
SHUF00029.jpg,164842,"{}",1,0,"{""name"":""point"",""cx"":776,""cy"":1012}","{}"
SHUF00030.jpg,433669,"{}",1,0,"{""name"":""point"",""cx"":1045,""cy"":1406}","{}"
SHUF00031.jpg,160567,"{}",1,0,"{""name"":""point"",""cx"":675,""cy"":917}","{}"
SHUF00032.jpg,97482,"{}",1,0,"{""name"":""point"",""cx"":1132,""cy"":927}","{}"
SHUF00033.jpg,485118,"{}",1,0,"{""name"":""point"",""cx"":1937,""cy"":1672}","{}"
SHUF00034.jpg,160627,"{}",1,0,"{""name"":""point"",""cx"":587,""cy"":903}","{}"
SHUF00035.jpg,191888,"{}",1,0,"{""name"":""point"",""cx"":1165,""cy"":1082}","{}"
SHUF00036.jpg,338056,"{}",1,0,"{""name"":""point"",""cx"":759,""cy"":1602}","{}"
SHUF00037.jpg,215772,"{}",1,0,"{""name"":""point"",""cx"":715,""cy"":1120}","{}"
SHUF00038.jpg,273402,"{}",1,0,"{""name"":""point"",""cx"":847,""cy"":1116}","{}"
SHUF00039.jpg,291860,"{}",1,0,"{""name"":""point"",""cx"":1462,""cy"":1197}","{}"
SHUF00040.jpg,685111,"{}",1,0,"{""name"":""point"",""cx"":1990,""cy"":1665}","{}"
SHUF00041.jpg,313770,"{}",1,0,"{""name"":""point"",""cx"":1359,""cy"":1172}","{}"
SHUF00042.jpg,366354,"{}",1,0,"{""name"":""point"",""cx"":1237,""cy"":1612}","{}"
SHUF00043.jpg,293094,"{}",1,0,"{""name"":""point"",""cx"":1045,""cy"":1135}","{}"
SHUF00044.jpg,403847,"{}",1,0,"{""name"":""point"",""cx"":1894,""cy"":1390}","{}"
SHUF00045.jpg,96074,"{}",1,0,"{""name"":""point"",""cx"":1154,""cy"":937}","{}"
SHUF00046.jpg,623326,"{}",1,0,"{""name"":""point"",""cx"":1335,""cy"":1729}","{}"
SHUF00047.jpg,235391,"{}",1,0,"{""name"":""point"",""cx"":1085,""cy"":1144}","{}"
SHUF00048.jpg,258493,"{}",1,0,"{""name"":""point"",""cx"":1912,""cy"":1128}","{}"
SHUF00049.jpg,586754,"{}",1,0,"{""name"":""point"",""cx"":1303,""cy"":1573}","{}"
SHUF00050.jpg,792883,"{}",1,0,"{""name"":""point"",""cx"":1111,""cy"":1732}","{}"
SHUF00051.jpg,339258,"{}",1,0,"{""name"":""point"",""cx"":1556,""cy"":1371}","{}"
SHUF00052.jpg,370342,"{}",1,0,"{""name"":""point"",""cx"":1473,""cy"":1175}","{}"
SHUF00053.jpg,315251,"{}",1,0,"{""name"":""point"",""cx"":1415,""cy"":1204}","{}"
SHUF00054.jpg,341186,"{}",1,0,"{""name"":""point"",""cx"":1457,""cy"":1169}","{}"
SHUF00055.jpg,182653,"{}",1,0,"{""name"":""point"",""cx"":1363,""cy"":1097}","{}"
SHUF00056.jpg,232571,"{}",1,0,"{""name"":""point"",""cx"":727,""cy"":1162}","{}"
SHUF00057.jpg,244220,"{}",1,0,"{""name"":""point"",""cx"":1351,""cy"":1133}","{}"
SHUF00058.jpg,242955,"{}",1,0,"{""name"":""point"",""cx"":862,""cy"":1084}","{}"
SHUF00059.jpg,457816,"{}",1,0,"{""name"":""point"",""cx"":992,""cy"":1561}","{}"
SHUF00060.jpg,253547,"{}",1,0,"{""name"":""point"",""cx"":1397,""cy"":1126}","{}"
SHUF00061.jpg,242023,"{}",1,0,"{""name"":""point"",""cx"":1404,""cy"":1157}","{}"
SHUF00062.jpg,333530,"{}",1,0,"{""name"":""point"",""cx"":1897,""cy"":1385}","{}"
SHUF00063.jpg,210605,"{}",1,0,"{""name"":""point"",""cx"":867,""cy"":1151}","{}"
SHUF00064.jpg,298181,"{}",1,0,"{""name"":""point"",""cx"":1427,""cy"":1206}","{}"
SHUF00065.jpg,265070,"{}",1,0,"{""name"":""point"",""cx"":1311,""cy"":1076}","{}"
SHUF00066.jpg,315520,"{}",1,0,"{""name"":""point"",""cx"":927,""cy"":1262}","{}"
SHUF00067.jpg,340063,"{}",1,0,"{""name"":""point"",""cx"":1444,""cy"":1150}","{}"
SHUF00068.jpg,278852,"{}",1,0,"{""name"":""point"",""cx"":929,""cy"":1213}","{}"
SHUF00069.jpg,654555,"{}",1,0,"{""name"":""point"",""cx"":1205,""cy"":1776}","{}"
SHUF00070.jpg,1006849,"{}",1,0,"{""name"":""point"",""cx"":1225,""cy"":1643}","{}"
SHUF00071.jpg,480743,"{}",1,0,"{""name"":""point"",""cx"":1081,""cy"":1560}","{}"
SHUF00072.jpg,577773,"{}",1,0,"{""name"":""point"",""cx"":1257,""cy"":1700}","{}"
SHUF00073.jpg,237582,"{}",1,0,"{""name"":""point"",""cx"":879,""cy"":1278}","{}"
SHUF00074.jpg,335109,"{}",1,0,"{""name"":""point"",""cx"":921,""cy"":1281}","{}"
SHUF00075.jpg,481131,"{}",1,0,"{""name"":""point"",""cx"":2169,""cy"":1650}","{}"
SHUF00076.jpg,216739,"{}",1,0,"{""name"":""point"",""cx"":1414,""cy"":1144}","{}"
SHUF00077.jpg,374321,"{}",1,0,"{""name"":""point"",""cx"":1043,""cy"":1461}","{}"
SHUF00078.jpg,587157,"{}",1,0,"{""name"":""point"",""cx"":1967,""cy"":1632}","{}"
SHUF00079.jpg,235923,"{}",1,0,"{""name"":""point"",""cx"":1857,""cy"":1087}","{}"
SHUF00080.jpg,595610,"{}",1,0,"{""name"":""point"",""cx"":1973,""cy"":1673}","{}"
SHUF00081.jpg,227221,"{}",1,0,"{""name"":""point"",""cx"":1089,""cy"":1255}","{}"
SHUF00082.jpg,339535,"{}",1,0,"{""name"":""point"",""cx"":929,""cy"":1165}","{}"
SHUF00083.jpg,277779,"{}",1,0,"{""name"":""point"",""cx"":1449,""cy"":1217}","{}"
SHUF00084.jpg,166962,"{}",1,0,"{""name"":""point"",""cx"":1332,""cy"":1009}","{}"
SHUF00085.jpg,206962,"{}",1,0,"{""name"":""point"",""cx"":1480,""cy"":1181}","{}"
SHUF00086.jpg,474151,"{}",1,0,"{""name"":""point"",""cx"":1478,""cy"":2125}","{}"
SHUF00087.jpg,159658,"{}",1,0,"{""name"":""point"",""cx"":1355,""cy"":1286}","{}"
SHUF00088.jpg,428574,"{}",1,0,"{""name"":""point"",""cx"":1630,""cy"":1429}","{}"
SHUF00089.jpg,194234,"{}",1,0,"{""name"":""point"",""cx"":1121,""cy"":1142}","{}"
SHUF00090.jpg,232969,"{}",1,0,"{""name"":""point"",""cx"":735,""cy"":1178}","{}"
SHUF00091.jpg,121332,"{}",1,0,"{""name"":""point"",""cx"":538,""cy"":862}","{}"
SHUF00092.jpg,145011,"{}",1,0,"{""name"":""point"",""cx"":1129,""cy"":895}","{}"
SHUF00093.jpg,239218,"{}",1,0,"{""name"":""point"",""cx"":1053,""cy"":1051}","{}"
SHUF00094.jpg,185474,"{}",1,0,"{""name"":""point"",""cx"":843,""cy"":1129}","{}"
SHUF00095.jpg,367560,"{}",1,0,"{""name"":""point"",""cx"":882,""cy"":1484}","{}"
SHUF00096.jpg,248512,"{}",1,0,"{""name"":""point"",""cx"":1400,""cy"":1125}","{}"
SHUF00097.jpg,124774,"{}",1,0,"{""name"":""point"",""cx"":599,""cy"":983}","{}"
SHUF00098.jpg,419616,"{}",1,0,"{""name"":""point"",""cx"":1740,""cy"":1441}","{}"
SHUF00099.jpg,347236,"{}",1,0,"{""name"":""point"",""cx"":1461,""cy"":1241}","{}"
SHUF00100.jpg,583559,"{}",1,0,"{""name"":""point"",""cx"":1177,""cy"":1661}","{}"
SHUF00101.jpg,206797,"{}",1,0,"{""name"":""point"",""cx"":1522,""cy"":1268}","{}"
SHUF00102.jpg,241989,"{}",1,0,"{""name"":""point"",""cx"":1414,""cy"":1135}","{}"
SHUF00103.jpg,318279,"{}",1,0,"{""name"":""point"",""cx"":917,""cy"":1161}","{}"
SHUF00104.jpg,319040,"{}",1,0,"{""name"":""point"",""cx"":1177,""cy"":1186}","{}"
SHUF00105.jpg,336543,"{}",1,0,"{""name"":""point"",""cx"":1444,""cy"":1184}","{}"
SHUF00106.jpg,147243,"{}",1,0,"{""name"":""point"",""cx"":542,""cy"":915}","{}"
SHUF00107.jpg,582291,"{}",1,0,"{""name"":""point"",""cx"":2094,""cy"":1679}","{}"
SHUF00108.jpg,468303,"{}",1,0,"{""name"":""point"",""cx"":1020,""cy"":1407}","{}"
SHUF00109.jpg,336919,"{}",1,0,"{""name"":""point"",""cx"":1144,""cy"":1167}","{}"
SHUF00110.jpg,241304,"{}",1,0,"{""name"":""point"",""cx"":1362,""cy"":1112}","{}"
SHUF00111.jpg,243575,"{}",1,0,"{""name"":""point"",""cx"":791,""cy"":1117}","{}"
SHUF00112.jpg,493579,"{}",1,0,"{""name"":""point"",""cx"":1621,""cy"":1693}","{}"
SHUF00113.jpg,320864,"{}",1,0,"{""name"":""point"",""cx"":923,""cy"":1150}","{}"
SHUF00114.jpg,445810,"{}",1,0,"{""name"":""point"",""cx"":1778,""cy"":1479}","{}"
SHUF00115.jpg,401764,"{}",1,0,"{""name"":""point"",""cx"":1095,""cy"":1565}","{}"
SHUF00116.jpg,214696,"{}",1,0,"{""name"":""point"",""cx"":1093,""cy"":971}","{}"
SHUF00117.jpg,251009,"{}",1,0,"{""name"":""point"",""cx"":1451,""cy"":1184}","{}"
SHUF00118.jpg,282468,"{}",1,0,"{""name"":""point"",""cx"":1066,""cy"":1060}","{}"
SHUF00119.jpg,143621,"{}",1,0,"{""name"":""point"",""cx"":704,""cy"":979}","{}"
SHUF00120.jpg,311778,"{}",1,0,"{""name"":""point"",""cx"":1478,""cy"":1266}","{}"
SHUF00121.jpg,741872,"{}",1,0,"{""name"":""point"",""cx"":1275,""cy"":1684}","{}"
SHUF00122.jpg,928804,"{}",1,0,"{""name"":""point"",""cx"":2273,""cy"":1788}","{}"
SHUF00123.jpg,429234,"{}",1,0,"{""name"":""point"",""cx"":1463,""cy"":1585}","{}"
SHUF00124.jpg,246498,"{}",1,0,"{""name"":""point"",""cx"":772,""cy"":1149}","{}"
SHUF00125.jpg,276536,"{}",1,0,"{""name"":""point"",""cx"":1499,""cy"":1255}","{}"
SHUF00126.jpg,333386,"{}",1,0,"{""name"":""point"",""cx"":1440,""cy"":1184}","{}"
SHUF00127.jpg,207425,"{}",1,0,"{""name"":""point"",""cx"":1511,""cy"":1205}","{}"
SHUF00128.jpg,142574,"{}",1,0,"{""name"":""point"",""cx"":554,""cy"":883}","{}"
SHUF00129.jpg,416112,"{}",1,0,"{""name"":""point"",""cx"":987,""cy"":1136}","{}"
SHUF00130.jpg,468612,"{}",1,0,"{""name"":""point"",""cx"":984,""cy"":1567}","{}"
SHUF00131.jpg,262344,"{}",1,0,"{""name"":""point"",""cx"":872,""cy"":1103}","{}"
SHUF00132.jpg,292031,"{}",1,0,"{""name"":""point"",""cx"":960,""cy"":1214}","{}"
SHUF00133.jpg,336244,"{}",1,0,"{""name"":""point"",""cx"":1931,""cy"":1432}","{}"
SHUF00134.jpg,620446,"{}",1,0,"{""name"":""point"",""cx"":1930,""cy"":1668}","{}"
SHUF00135.jpg,277246,"{}",1,0,"{""name"":""point"",""cx"":1163,""cy"":1123}","{}"
SHUF00136.jpg,661197,"{}",1,0,"{""name"":""point"",""cx"":1958,""cy"":1666}","{}"
SHUF00137.jpg,348610,"{}",1,0,"{""name"":""point"",""cx"":1060,""cy"":1523}","{}"
SHUF00138.jpg,580416,"{}",1,0,"{""name"":""point"",""cx"":1231,""cy"":1676}","{}"
SHUF00139.jpg,375255,"{}",1,0,"{""name"":""point"",""cx"":1855,""cy"":1542}","{}"
SHUF00140.jpg,171597,"{}",1,0,"{""name"":""point"",""cx"":1054,""cy"":1112}","{}"
SHUF00141.jpg,312428,"{}",1,0,"{""name"":""point"",""cx"":1061,""cy"":1117}","{}"
SHUF00142.jpg,373131,"{}",1,0,"{""name"":""point"",""cx"":1445,""cy"":1828}","{}"
SHUF00143.jpg,178725,"{}",1,0,"{""name"":""point"",""cx"":1417,""cy"":1148}","{}"
SHUF00144.jpg,219621,"{}",1,0,"{""name"":""point"",""cx"":1338,""cy"":1139}","{}"
SHUF00145.jpg,865563,"{}",1,0,"{""name"":""point"",""cx"":2420,""cy"":2090}","{}"
SHUF00146.jpg,136312,"{}",1,0,"{""name"":""point"",""cx"":924,""cy"":1229}","{}"
SHUF00147.jpg,248841,"{}",1,0,"{""name"":""point"",""cx"":860,""cy"":1128}","{}"
SHUF00148.jpg,379785,"{}",1,0,"{""name"":""point"",""cx"":1627,""cy"":1274}","{}"
SHUF00149.jpg,128741,"{}",1,0,"{""name"":""point"",""cx"":1150,""cy"":873}","{}"
SHUF00150.jpg,296787,"{}",1,0,"{""name"":""point"",""cx"":1202,""cy"":1711}","{}"
SHUF00151.jpg,264948,"{}",1,0,"{""name"":""point"",""cx"":1439,""cy"":1148}","{}"
SHUF00152.jpg,424985,"{}",1,0,"{""name"":""point"",""cx"":1088,""cy"":1538}","{}"
SHUF00153.jpg,226304,"{}",1,0,"{""name"":""point"",""cx"":935,""cy"":1266}","{}"
SHUF00154.jpg,366605,"{}",1,0,"{""name"":""point"",""cx"":1423,""cy"":1175}","{}"
SHUF00155.jpg,503441,"{}",1,0,"{""name"":""point"",""cx"":2126,""cy"":1484}","{}"
SHUF00156.jpg,144937,"{}",1,0,"{""name"":""point"",""cx"":545,""cy"":872}","{}"
SHUF00157.jpg,455028,"{}",1,0,"{""name"":""point"",""cx"":1967,""cy"":1676}","{}"
SHUF00158.jpg,382295,"{}",1,0,"{""name"":""point"",""cx"":1264,""cy"":1383}","{}"
SHUF00159.jpg,102335,"{}",1,0,"{""name"":""point"",""cx"":581,""cy"":863}","{}"
SHUF00160.jpg,276591,"{}",1,0,"{""name"":""point"",""cx"":1063,""cy"":1091}","{}"
SHUF00161.jpg,473744,"{}",1,0,"{""name"":""point"",""cx"":1004,""cy"":1586}","{}"
SHUF00162.jpg,206158,"{}",1,0,"{""name"":""point"",""cx"":1431,""cy"":1192}","{}"
SHUF00163.jpg,221508,"{}",1,0,"{""name"":""point"",""cx"":856,""cy"":1133}","{}"
SHUF00164.jpg,203390,"{}",1,0,"{""name"":""point"",""cx"":1344,""cy"":1144}","{}"
SHUF00165.jpg,264596,"{}",1,0,"{""name"":""point"",""cx"":1471,""cy"":1108}","{}"
SHUF00166.jpg,558715,"{}",1,0,"{""name"":""point"",""cx"":2011,""cy"":1677}","{}"
SHUF00167.jpg,372547,"{}",1,0,"{""name"":""point"",""cx"":2056,""cy"":1507}","{}"
SHUF00168.jpg,448860,"{}",1,0,"{""name"":""point"",""cx"":942,""cy"":1301}","{}"
SHUF00169.jpg,789591,"{}",1,0,"{""name"":""point"",""cx"":1965,""cy"":1713}","{}"
SHUF00170.jpg,230959,"{}",1,0,"{""name"":""point"",""cx"":1421,""cy"":1131}","{}"
SHUF00171.jpg,367986,"{}",1,0,"{""name"":""point"",""cx"":917,""cy"":1107}","{}"
SHUF00172.jpg,675206,"{}",1,0,"{""name"":""point"",""cx"":1479,""cy"":1567}","{}"
SHUF00173.jpg,297328,"{}",1,0,"{""name"":""point"",""cx"":1037,""cy"":1063}","{}"
SHUF00174.jpg,300256,"{}",1,0,"{""name"":""point"",""cx"":841,""cy"":1128}","{}"
SHUF00175.jpg,268570,"{}",1,0,"{""name"":""point"",""cx"":1413,""cy"":1133}","{}"
SHUF00176.jpg,456669,"{}",1,0,"{""name"":""point"",""cx"":1131,""cy"":1593}","{}"
SHUF00177.jpg,539780,"{}",1,0,"{""name"":""point"",""cx"":2039,""cy"":1694}","{}"
SHUF00178.jpg,791279,"{}",1,0,"{""name"":""point"",""cx"":2050,""cy"":1658}","{}"
SHUF00179.jpg,331601,"{}",1,0,"{""name"":""point"",""cx"":883,""cy"":1165}","{}"
SHUF00180.jpg,130475,"{}",1,0,"{""name"":""point"",""cx"":929,""cy"":758}","{}"
SHUF00181.jpg,504041,"{}",1,0,"{""name"":""point"",""cx"":1999,""cy"":1551}","{}"
SHUF00182.jpg,182655,"{}",1,0,"{""name"":""point"",""cx"":1952,""cy"":1168}","{}"
SHUF00183.jpg,321036,"{}",1,0,"{""name"":""point"",""cx"":1519,""cy"":1153}","{}"
SHUF00184.jpg,167169,"{}",1,0,"{""name"":""point"",""cx"":1017,""cy"":1103}","{}"
SHUF00185.jpg,452027,"{}",1,0,"{""name"":""point"",""cx"":1036,""cy"":1415}","{}"
SHUF00186.jpg,188605,"{}",1,0,"{""name"":""point"",""cx"":1482,""cy"":1158}","{}"
SHUF00187.jpg,185788,"{}",1,0,"{""name"":""point"",""cx"":950,""cy"":1415}","{}"
SHUF00188.jpg,474997,"{}",1,0,"{""name"":""point"",""cx"":2110,""cy"":1529}","{}"
SHUF00189.jpg,812130,"{}",1,0,"{""name"":""point"",""cx"":2055,""cy"":1675}","{}"
SHUF00190.jpg,646010,"{}",1,0,"{""name"":""point"",""cx"":1220,""cy"":1650}","{}"
SHUF00191.jpg,300659,"{}",1,0,"{""name"":""point"",""cx"":1143,""cy"":1304}","{}"
SHUF00192.jpg,497255,"{}",1,0,"{""name"":""point"",""cx"":1338,""cy"":2050}","{}"
SHUF00193.jpg,258188,"{}",1,0,"{""name"":""point"",""cx"":1448,""cy"":1177}","{}"
SHUF00194.jpg,396597,"{}",1,0,"{""name"":""point"",""cx"":1428,""cy"":1173}","{}"
SHUF00195.jpg,262455,"{}",1,0,"{""name"":""point"",""cx"":910,""cy"":1200}","{}"
SHUF00196.jpg,251277,"{}",1,0,"{""name"":""point"",""cx"":1429,""cy"":1155}","{}"
SHUF00197.jpg,364302,"{}",1,0,"{""name"":""point"",""cx"":1005,""cy"":1570}","{}"
SHUF00198.jpg,873564,"{}",1,0,"{""name"":""point"",""cx"":1550,""cy"":2153}","{}"
SHUF00199.jpg,587676,"{}",1,0,"{""name"":""point"",""cx"":1473,""cy"":1070}","{}"
SHUF00200.jpg,112547,"{}",1,0,"{""name"":""point"",""cx"":589,""cy"":874}","{}"
SHUF00201.jpg,314167,"{}",1,0,"{""name"":""point"",""cx"":829,""cy"":1107}","{}"
SHUF00202.jpg,312883,"{}",1,0,"{""name"":""point"",""cx"":904,""cy"":1222}","{}"
SHUF00203.jpg,689966,"{}",1,0,"{""name"":""point"",""cx"":1962,""cy"":1627}","{}"
SHUF00204.jpg,377197,"{}",1,0,"{""name"":""point"",""cx"":898,""cy"":1239}","{}"
SHUF00205.jpg,453396,"{}",1,0,"{""name"":""point"",""cx"":1025,""cy"":1426}","{}"
SHUF00206.jpg,239598,"{}",1,0,"{""name"":""point"",""cx"":865,""cy"":1194}","{}"
SHUF00207.jpg,109513,"{}",1,0,"{""name"":""point"",""cx"":1059,""cy"":1080}","{}"
SHUF00208.jpg,281848,"{}",1,0,"{""name"":""point"",""cx"":1513,""cy"":1301}","{}"
SHUF00209.jpg,308071,"{}",1,0,"{""name"":""point"",""cx"":1148,""cy"":1301}","{}"
SHUF00210.jpg,301899,"{}",1,0,"{""name"":""point"",""cx"":691,""cy"":1163}","{}"
SHUF00211.jpg,415004,"{}",1,0,"{""name"":""point"",""cx"":2055,""cy"":1582}","{}"
SHUF00212.jpg,359829,"{}",1,0,"{""name"":""point"",""cx"":1497,""cy"":1729}","{}"
SHUF00213.jpg,566213,"{}",1,0,"{""name"":""point"",""cx"":1239,""cy"":1770}","{}"
SHUF00214.jpg,312672,"{}",1,0,"{""name"":""point"",""cx"":1053,""cy"":1130}","{}"
SHUF00215.jpg,486199,"{}",1,0,"{""name"":""point"",""cx"":1398,""cy"":2230}","{}"
SHUF00216.jpg,321045,"{}",1,0,"{""name"":""point"",""cx"":2495,""cy"":1475}","{}"
SHUF00217.jpg,127035,"{}",1,0,"{""name"":""point"",""cx"":543,""cy"":876}","{}"
SHUF00218.jpg,346565,"{}",1,0,"{""name"":""point"",""cx"":1841,""cy"":1436}","{}"
SHUF00219.jpg,311050,"{}",1,0,"{""name"":""point"",""cx"":1428,""cy"":1159}","{}"
SHUF00220.jpg,224547,"{}",1,0,"{""name"":""point"",""cx"":880,""cy"":1121}","{}"
SHUF00221.jpg,250982,"{}",1,0,"{""name"":""point"",""cx"":1014,""cy"":1049}","{}"
SHUF00222.jpg,151493,"{}",1,0,"{""name"":""point"",""cx"":733,""cy"":1037}","{}"
SHUF00223.jpg,211610,"{}",1,0,"{""name"":""point"",""cx"":1391,""cy"":1075}","{}"
SHUF00224.jpg,516445,"{}",1,0,"{""name"":""point"",""cx"":1885,""cy"":1684}","{}"
SHUF00225.jpg,94173,"{}",1,0,"{""name"":""point"",""cx"":1228,""cy"":1427}","{}"
SHUF00226.jpg,706907,"{}",1,0,"{""name"":""point"",""cx"":2001,""cy"":1664}","{}"
SHUF00227.jpg,577285,"{}",1,0,"{""name"":""point"",""cx"":1223,""cy"":1675}","{}"
SHUF00228.jpg,397420,"{}",1,0,"{""name"":""point"",""cx"":1986,""cy"":1591}","{}"
SHUF00229.jpg,323177,"{}",1,0,"{""name"":""point"",""cx"":877,""cy"":1173}","{}"
SHUF00230.jpg,122145,"{}",1,0,"{""name"":""point"",""cx"":1199,""cy"":1003}","{}"
SHUF00231.jpg,140952,"{}",1,0,"{""name"":""point"",""cx"":645,""cy"":818}","{}"
SHUF00232.jpg,301165,"{}",1,0,"{""name"":""point"",""cx"":972,""cy"":1194}","{}"
SHUF00233.jpg,232246,"{}",1,0,"{""name"":""point"",""cx"":1388,""cy"":1083}","{}"
SHUF00234.jpg,493563,"{}",1,0,"{""name"":""point"",""cx"":1969,""cy"":1656}","{}"
SHUF00235.jpg,266419,"{}",1,0,"{""name"":""point"",""cx"":1386,""cy"":1183}","{}"
SHUF00236.jpg,157787,"{}",1,0,"{""name"":""point"",""cx"":938,""cy"":1019}","{}"
SHUF00237.jpg,391648,"{}",1,0,"{""name"":""point"",""cx"":1993,""cy"":1574}","{}"
SHUF00238.jpg,280155,"{}",1,0,"{""name"":""point"",""cx"":1142,""cy"":1180}","{}"
SHUF00239.jpg,132113,"{}",1,0,"{""name"":""point"",""cx"":1365,""cy"":879}","{}"
SHUF00240.jpg,256127,"{}",1,0,"{""name"":""point"",""cx"":1454,""cy"":1153}","{}"
SHUF00241.jpg,259797,"{}",1,0,"{""name"":""point"",""cx"":1476,""cy"":1274}","{}"
SHUF00242.jpg,266468,"{}",1,0,"{""name"":""point"",""cx"":1421,""cy"":1173}","{}"
SHUF00243.jpg,114160,"{}",1,0,"{""name"":""point"",""cx"":789,""cy"":955}","{}"
SHUF00244.jpg,234362,"{}",1,0,"{""name"":""point"",""cx"":1444,""cy"":1159}","{}"
SHUF00245.jpg,128628,"{}",1,0,"{""name"":""point"",""cx"":1146,""cy"":888}","{}"
SHUF00246.jpg,252683,"{}",1,0,"{""name"":""point"",""cx"":1117,""cy"":1124}","{}"
SHUF00247.jpg,270589,"{}",1,0,"{""name"":""point"",""cx"":1379,""cy"":1127}","{}"
SHUF00248.jpg,186381,"{}",1,0,"{""name"":""point"",""cx"":1172,""cy"":1131}","{}"
SHUF00249.jpg,332109,"{}",1,0,"{""name"":""point"",""cx"":1453,""cy"":1183}","{}"
SHUF00250.jpg,361046,"{}",1,0,"{""name"":""point"",""cx"":1161,""cy"":1161}","{}"
SHUF00251.jpg,135837,"{}",1,0,"{""name"":""point"",""cx"":1228,""cy"":987}","{}"
SHUF00252.jpg,273813,"{}",1,0,"{""name"":""point"",""cx"":860,""cy"":1111}","{}"
SHUF00253.jpg,240993,"{}",1,0,"{""name"":""point"",""cx"":887,""cy"":1140}","{}"
SHUF00254.jpg,127814,"{}",1,0,"{""name"":""point"",""cx"":546,""cy"":860}","{}"
SHUF00255.jpg,282599,"{}",1,0,"{""name"":""point"",""cx"":872,""cy"":1113}","{}"
SHUF00256.jpg,239448,"{}",1,0,"{""name"":""point"",""cx"":737,""cy"":1189}","{}"
SHUF00257.jpg,329639,"{}",1,0,"{""name"":""point"",""cx"":1461,""cy"":1177}","{}"
SHUF00258.jpg,298110,"{}",1,0,"{""name"":""point"",""cx"":1154,""cy"":1138}","{}"
SHUF00259.jpg,326749,"{}",1,0,"{""name"":""point"",""cx"":1395,""cy"":1155}","{}"
SHUF00260.jpg,689628,"{}",1,0,"{""name"":""point"",""cx"":1924,""cy"":1688}","{}"
SHUF00261.jpg,142260,"{}",1,0,"{""name"":""point"",""cx"":558,""cy"":834}","{}"
SHUF00262.jpg,229450,"{}",1,0,"{""name"":""point"",""cx"":1505,""cy"":1267}","{}"
SHUF00263.jpg,633211,"{}",1,0,"{""name"":""point"",""cx"":1920,""cy"":1540}","{}"
SHUF00264.jpg,282282,"{}",1,0,"{""name"":""point"",""cx"":1421,""cy"":1154}","{}"
SHUF00265.jpg,589810,"{}",1,0,"{""name"":""point"",""cx"":1872,""cy"":1526}","{}"
SHUF00266.jpg,628438,"{}",1,0,"{""name"":""point"",""cx"":1211,""cy"":1683}","{}"
SHUF00267.jpg,328041,"{}",1,0,"{""name"":""point"",""cx"":1439,""cy"":1166}","{}"
SHUF00268.jpg,330268,"{}",1,0,"{""name"":""point"",""cx"":912,""cy"":1140}","{}"
SHUF00269.jpg,262116,"{}",1,0,"{""name"":""point"",""cx"":1013,""cy"":1040}","{}"
SHUF00270.jpg,240600,"{}",1,0,"{""name"":""point"",""cx"":1175,""cy"":1111}","{}"
SHUF00271.jpg,316373,"{}",1,0,"{""name"":""point"",""cx"":1489,""cy"":1126}","{}"
SHUF00272.jpg,304060,"{}",1,0,"{""name"":""point"",""cx"":877,""cy"":1138}","{}"
SHUF00273.jpg,239935,"{}",1,0,"{""name"":""point"",""cx"":863,""cy"":1092}","{}"
SHUF00274.jpg,273333,"{}",1,0,"{""name"":""point"",""cx"":549,""cy"":1048}","{}"
SHUF00275.jpg,610355,"{}",1,0,"{""name"":""point"",""cx"":1887,""cy"":1540}","{}"
SHUF00276.jpg,135637,"{}",1,0,"{""name"":""point"",""cx"":1150,""cy"":904}","{}"
SHUF00277.jpg,245598,"{}",1,0,"{""name"":""point"",""cx"":1348,""cy"":1162}","{}"
SHUF00278.jpg,546495,"{}",1,0,"{""name"":""point"",""cx"":2371,""cy"":1781}","{}"
SHUF00279.jpg,246936,"{}",1,0,"{""name"":""point"",""cx"":848,""cy"":1133}","{}"
SHUF00280.jpg,497181,"{}",1,0,"{""name"":""point"",""cx"":3021,""cy"":1628}","{}"
SHUF00281.jpg,185959,"{}",1,0,"{""name"":""point"",""cx"":1318,""cy"":1118}","{}"
SHUF00282.jpg,644497,"{}",1,0,"{""name"":""point"",""cx"":1931,""cy"":1674}","{}"
SHUF00283.jpg,265155,"{}",1,0,"{""name"":""point"",""cx"":1910,""cy"":1087}","{}"
SHUF00284.jpg,113878,"{}",1,0,"{""name"":""point"",""cx"":1078,""cy"":963}","{}"
SHUF00285.jpg,162114,"{}",1,0,"{""name"":""point"",""cx"":911,""cy"":1270}","{}"
SHUF00286.jpg,430948,"{}",1,0,"{""name"":""point"",""cx"":1981,""cy"":1422}","{}"
SHUF00287.jpg,603011,"{}",1,0,"{""name"":""point"",""cx"":1908,""cy"":1636}","{}"
SHUF00288.jpg,337370,"{}",1,0,"{""name"":""point"",""cx"":1190,""cy"":1246}","{}"
SHUF00289.jpg,278256,"{}",1,0,"{""name"":""point"",""cx"":1124,""cy"":1137}","{}"
SHUF00290.jpg,527406,"{}",1,0,"{""name"":""point"",""cx"":1237,""cy"":1743}","{}"
SHUF00291.jpg,369822,"{}",1,0,"{""name"":""point"",""cx"":808,""cy"":1273}","{}"
SHUF00292.jpg,201804,"{}",1,0,"{""name"":""point"",""cx"":1488,""cy"":1176}","{}"
SHUF00293.jpg,213333,"{}",1,0,"{""name"":""point"",""cx"":1422,""cy"":1149}","{}"
SHUF00294.jpg,360332,"{}",1,0,"{""name"":""point"",""cx"":1745,""cy"":1345}","{}"
SHUF00295.jpg,130177,"{}",1,0,"{""name"":""point"",""cx"":1157,""cy"":933}","{}"
SHUF00296.jpg,261001,"{}",1,0,"{""name"":""point"",""cx"":1321,""cy"":1111}","{}"
SHUF00297.jpg,123260,"{}",1,0,"{""name"":""point"",""cx"":1251,""cy"":1032}","{}"
SHUF00298.jpg,464222,"{}",1,0,"{""name"":""point"",""cx"":1758,""cy"":1420}","{}"
SHUF00299.jpg,154573,"{}",1,0,"{""name"":""point"",""cx"":1137,""cy"":879}","{}"
SHUF00300.jpg,225609,"{}",1,0,"{""name"":""point"",""cx"":1217,""cy"":1115}","{}"
SHUF00301.jpg,191950,"{}",1,0,"{""name"":""point"",""cx"":974,""cy"":1021}","{}"
SHUF00302.jpg,272222,"{}",1,0,"{""name"":""point"",""cx"":764,""cy"":1078}","{}"
SHUF00303.jpg,249133,"{}",1,0,"{""name"":""point"",""cx"":875,""cy"":1255}","{}"
SHUF00304.jpg,237977,"{}",1,0,"{""name"":""point"",""cx"":905,""cy"":1173}","{}"
SHUF00305.jpg,277827,"{}",1,0,"{""name"":""point"",""cx"":1299,""cy"":1103}","{}"
SHUF00306.jpg,335872,"{}",1,0,"{""name"":""point"",""cx"":1452,""cy"":1188}","{}"
SHUF00307.jpg,208986,"{}",1,0,"{""name"":""point"",""cx"":922,""cy"":1097}","{}"
SHUF00308.jpg,347999,"{}",1,0,"{""name"":""point"",""cx"":1421,""cy"":1184}","{}"
SHUF00309.jpg,311033,"{}",1,0,"{""name"":""point"",""cx"":1644,""cy"":1312}","{}"
SHUF00310.jpg,611502,"{}",1,0,"{""name"":""point"",""cx"":2100,""cy"":1691}","{}"
SHUF00311.jpg,220513,"{}",1,0,"{""name"":""point"",""cx"":852,""cy"":1139}","{}"
SHUF00312.jpg,393400,"{}",1,0,"{""name"":""point"",""cx"":915,""cy"":1194}","{}"
SHUF00313.jpg,478187,"{}",1,0,"{""name"":""point"",""cx"":1118,""cy"":1633}","{}"
SHUF00314.jpg,308061,"{}",1,0,"{""name"":""point"",""cx"":1018,""cy"":1042}","{}"
SHUF00315.jpg,335173,"{}",1,0,"{""name"":""point"",""cx"":1638,""cy"":1299}","{}"
SHUF00316.jpg,230156,"{}",1,0,"{""name"":""point"",""cx"":1403,""cy"":1146}","{}"
SHUF00317.jpg,370313,"{}",1,0,"{""name"":""point"",""cx"":1606,""cy"":1346}","{}"
SHUF00318.jpg,652394,"{}",1,0,"{""name"":""point"",""cx"":1019,""cy"":1658}","{}"
SHUF00319.jpg,161538,"{}",1,0,"{""name"":""point"",""cx"":903,""cy"":1053}","{}"
SHUF00320.jpg,498622,"{}",1,0,"{""name"":""point"",""cx"":2005,""cy"":1588}","{}"
SHUF00321.jpg,457806,"{}",1,0,"{""name"":""point"",""cx"":1006,""cy"":1409}","{}"
SHUF00322.jpg,266576,"{}",1,0,"{""name"":""point"",""cx"":868,""cy"":1251}","{}"
SHUF00323.jpg,339686,"{}",1,0,"{""name"":""point"",""cx"":901,""cy"":1257}","{}"
SHUF00324.jpg,173965,"{}",1,0,"{""name"":""point"",""cx"":1164,""cy"":998}","{}"
SHUF00325.jpg,155060,"{}",1,0,"{""name"":""point"",""cx"":1220,""cy"":1211}","{}"
SHUF00326.jpg,512280,"{}",1,0,"{""name"":""point"",""cx"":1217,""cy"":1656}","{}"
SHUF00327.jpg,326941,"{}",1,0,"{""name"":""point"",""cx"":1670,""cy"":1329}","{}"
SHUF00328.jpg,229583,"{}",1,0,"{""name"":""point"",""cx"":1435,""cy"":1172}","{}"
SHUF00329.jpg,155772,"{}",1,0,"{""name"":""point"",""cx"":1151,""cy"":941}","{}"
SHUF00330.jpg,579709,"{}",1,0,"{""name"":""point"",""cx"":1901,""cy"":1742}","{}"
SHUF00331.jpg,320215,"{}",1,0,"{""name"":""point"",""cx"":1196,""cy"":1374}","{}"
SHUF00332.jpg,148146,"{}",1,0,"{""name"":""point"",""cx"":945,""cy"":1086}","{}"
SHUF00333.jpg,160582,"{}",1,0,"{""name"":""point"",""cx"":1137,""cy"":1292}","{}"
SHUF00334.jpg,428997,"{}",1,0,"{""name"":""point"",""cx"":1759,""cy"":1412}","{}"
SHUF00335.jpg,203660,"{}",1,0,"{""name"":""point"",""cx"":867,""cy"":1110}","{}"
SHUF00336.jpg,501200,"{}",1,0,"{""name"":""point"",""cx"":1981,""cy"":1666}","{}"
SHUF00337.jpg,332803,"{}",1,0,"{""name"":""point"",""cx"":1665,""cy"":1341}","{}"
SHUF00338.jpg,269619,"{}",1,0,"{""name"":""point"",""cx"":884,""cy"":1145}","{}"
SHUF00339.jpg,248289,"{}",1,0,"{""name"":""point"",""cx"":1135,""cy"":1193}","{}"
SHUF00340.jpg,287587,"{}",1,0,"{""name"":""point"",""cx"":898,""cy"":1116}","{}"
SHUF00341.jpg,392535,"{}",1,0,"{""name"":""point"",""cx"":1317,""cy"":1697}","{}"
SHUF00342.jpg,169847,"{}",1,0,"{""name"":""point"",""cx"":757,""cy"":1466}","{}"
SHUF00343.jpg,427380,"{}",1,0,"{""name"":""point"",""cx"":1939,""cy"":1599}","{}"
SHUF00344.jpg,241911,"{}",1,0,"{""name"":""point"",""cx"":1404,""cy"":1152}","{}"
SHUF00345.jpg,167724,"{}",1,0,"{""name"":""point"",""cx"":1230,""cy"":958}","{}"
SHUF00346.jpg,141958,"{}",1,0,"{""name"":""point"",""cx"":920,""cy"":999}","{}"
SHUF00347.jpg,445347,"{}",1,0,"{""name"":""point"",""cx"":1766,""cy"":1400}","{}"
SHUF00348.jpg,395673,"{}",1,0,"{""name"":""point"",""cx"":1193,""cy"":1749}","{}"
SHUF00349.jpg,233640,"{}",1,0,"{""name"":""point"",""cx"":1051,""cy"":1070}","{}"
SHUF00350.jpg,302304,"{}",1,0,"{""name"":""point"",""cx"":1109,""cy"":1264}","{}"
SHUF00351.jpg,355542,"{}",1,0,"{""name"":""point"",""cx"":1510,""cy"":1275}","{}"
SHUF00352.jpg,331006,"{}",1,0,"{""name"":""point"",""cx"":1094,""cy"":1307}","{}"
SHUF00353.jpg,141097,"{}",1,0,"{""name"":""point"",""cx"":941,""cy"":984}","{}"
SHUF00354.jpg,464458,"{}",1,0,"{""name"":""point"",""cx"":1069,""cy"":1427}","{}"
SHUF00355.jpg,99741,"{}",1,0,"{""name"":""point"",""cx"":1104,""cy"":815}","{}"
SHUF00356.jpg,327419,"{}",1,0,"{""name"":""point"",""cx"":1184,""cy"":1335}","{}"
SHUF00357.jpg,216846,"{}",1,0,"{""name"":""point"",""cx"":806,""cy"":1099}","{}"
SHUF00358.jpg,567729,"{}",1,0,"{""name"":""point"",""cx"":1243,""cy"":1715}","{}"
SHUF00359.jpg,186522,"{}",1,0,"{""name"":""point"",""cx"":1443,""cy"":1149}","{}"
SHUF00360.jpg,79433,"{}",1,0,"{""name"":""point"",""cx"":421,""cy"":578}","{}"
SHUF00361.jpg,526162,"{}",1,0,"{""name"":""point"",""cx"":2124,""cy"":1564}","{}"
SHUF00362.jpg,285044,"{}",1,0,"{""name"":""point"",""cx"":1093,""cy"":1543}","{}"
SHUF00363.jpg,425219,"{}",1,0,"{""name"":""point"",""cx"":1034,""cy"":1412}","{}"
SHUF00364.jpg,579631,"{}",1,0,"{""name"":""point"",""cx"":1975,""cy"":1654}","{}"
SHUF00365.jpg,149965,"{}",1,0,"{""name"":""point"",""cx"":958,""cy"":1208}","{}"
SHUF00366.jpg,195399,"{}",1,0,"{""name"":""point"",""cx"":1200,""cy"":1124}","{}"
SHUF00367.jpg,436271,"{}",1,0,"{""name"":""point"",""cx"":2132,""cy"":1568}","{}"
SHUF00368.jpg,587570,"{}",1,0,"{""name"":""point"",""cx"":66,""cy"":1186}","{}"
SHUF00369.jpg,221269,"{}",1,0,"{""name"":""point"",""cx"":1384,""cy"":1246}","{}"
SHUF00370.jpg,222328,"{}",1,0,"{""name"":""point"",""cx"":1499,""cy"":1167}","{}"
SHUF00371.jpg,199297,"{}",1,0,"{""name"":""point"",""cx"":858,""cy"":1099}","{}"
SHUF00372.jpg,144422,"{}",1,0,"{""name"":""point"",""cx"":1155,""cy"":1027}","{}"
SHUF00373.jpg,265666,"{}",1,0,"{""name"":""point"",""cx"":1571,""cy"":1477}","{}"
SHUF00374.jpg,424522,"{}",1,0,"{""name"":""point"",""cx"":987,""cy"":1163}","{}"
SHUF00375.jpg,288256,"{}",1,0,"{""name"":""point"",""cx"":1452,""cy"":1688}","{}"
SHUF00376.jpg,607054,"{}",1,0,"{""name"":""point"",""cx"":1981,""cy"":1677}","{}"
SHUF00377.jpg,301512,"{}",1,0,"{""name"":""point"",""cx"":849,""cy"":1055}","{}"
SHUF00378.jpg,365974,"{}",1,0,"{""name"":""point"",""cx"":1409,""cy"":1148}","{}"
SHUF00379.jpg,294395,"{}",1,0,"{""name"":""point"",""cx"":1516,""cy"":1243}","{}"
SHUF00380.jpg,128712,"{}",1,0,"{""name"":""point"",""cx"":69,""cy"":1241}","{}"
SHUF00381.jpg,581417,"{}",1,0,"{""name"":""point"",""cx"":2425,""cy"":1885}","{}"
SHUF00382.jpg,245083,"{}",1,0,"{""name"":""point"",""cx"":1434,""cy"":1200}","{}"
SHUF00383.jpg,345789,"{}",1,0,"{""name"":""point"",""cx"":1403,""cy"":1163}","{}"
SHUF00384.jpg,246168,"{}",1,0,"{""name"":""point"",""cx"":919,""cy"":1255}","{}"
SHUF00385.jpg,301522,"{}",1,0,"{""name"":""point"",""cx"":1492,""cy"":1246}","{}"
SHUF00386.jpg,320220,"{}",1,0,"{""name"":""point"",""cx"":1494,""cy"":1165}","{}"
SHUF00387.jpg,304015,"{}",1,0,"{""name"":""point"",""cx"":1413,""cy"":981}","{}"
SHUF00388.jpg,365693,"{}",1,0,"{""name"":""point"",""cx"":1640,""cy"":1325}","{}"
SHUF00389.jpg,150896,"{}",1,0,"{""name"":""point"",""cx"":1338,""cy"":1149}","{}"
SHUF00390.jpg,202953,"{}",1,0,"{""name"":""point"",""cx"":1088,""cy"":1065}","{}"
SHUF00391.jpg,312643,"{}",1,0,"{""name"":""point"",""cx"":1465,""cy"":1179}","{}"
SHUF00392.jpg,307729,"{}",1,0,"{""name"":""point"",""cx"":1456,""cy"":1168}","{}"
SHUF00393.jpg,224291,"{}",1,0,"{""name"":""point"",""cx"":858,""cy"":1113}","{}"
SHUF00394.jpg,455834,"{}",1,0,"{""name"":""point"",""cx"":1345,""cy"":1192}","{}"
SHUF00395.jpg,507452,"{}",1,0,"{""name"":""point"",""cx"":1948,""cy"":1697}","{}"
SHUF00396.jpg,261588,"{}",1,0,"{""name"":""point"",""cx"":1374,""cy"":1269}","{}"
SHUF00397.jpg,377106,"{}",1,0,"{""name"":""point"",""cx"":1004,""cy"":1576}","{}"
SHUF00398.jpg,180950,"{}",1,0,"{""name"":""point"",""cx"":1860,""cy"":1028}","{}"
SHUF00399.jpg,415578,"{}",1,0,"{""name"":""point"",""cx"":1250,""cy"":1664}","{}"
SHUF00400.jpg,562130,"{}",1,0,"{""name"":""point"",""cx"":440,""cy"":1819}","{}"
SHUF00401.jpg,795045,"{}",1,0,"{""name"":""point"",""cx"":1251,""cy"":1664}","{}"
SHUF00402.jpg,325521,"{}",1,0,"{""name"":""point"",""cx"":871,""cy"":1121}","{}"
SHUF00403.jpg,278845,"{}",1,0,"{""name"":""point"",""cx"":1038,""cy"":1051}","{}"
SHUF00404.jpg,584279,"{}",1,0,"{""name"":""point"",""cx"":1939,""cy"":1665}","{}"
SHUF00405.jpg,324551,"{}",1,0,"{""name"":""point"",""cx"":1432,""cy"":1256}","{}"
SHUF00406.jpg,298847,"{}",1,0,"{""name"":""point"",""cx"":1499,""cy"":1131}","{}"
SHUF00407.jpg,299158,"{}",1,0,"{""name"":""point"",""cx"":1811,""cy"":1688}","{}"
SHUF00408.jpg,375095,"{}",1,0,"{""name"":""point"",""cx"":807,""cy"":1311}","{}"
SHUF00409.jpg,129075,"{}",1,0,"{""name"":""point"",""cx"":1081,""cy"":1021}","{}"
SHUF00410.jpg,272570,"{}",1,0,"{""name"":""point"",""cx"":1456,""cy"":1127}","{}"
SHUF00411.jpg,470870,"{}",1,0,"{""name"":""point"",""cx"":1220,""cy"":1667}","{}"
SHUF00412.jpg,319424,"{}",1,0,"{""name"":""point"",""cx"":2148,""cy"":1588}","{}"
SHUF00413.jpg,147165,"{}",1,0,"{""name"":""point"",""cx"":1213,""cy"":1089}","{}"
SHUF00414.jpg,455318,"{}",1,0,"{""name"":""point"",""cx"":1247,""cy"":1660}","{}"
SHUF00415.jpg,125703,"{}",1,0,"{""name"":""point"",""cx"":1146,""cy"":882}","{}"
SHUF00416.jpg,149624,"{}",1,0,"{""name"":""point"",""cx"":1305,""cy"":846}","{}"
SHUF00417.jpg,397874,"{}",1,0,"{""name"":""point"",""cx"":1517,""cy"":1183}","{}"
SHUF00418.jpg,253738,"{}",1,0,"{""name"":""point"",""cx"":769,""cy"":1127}","{}"
SHUF00419.jpg,653886,"{}",1,0,"{""name"":""point"",""cx"":1192,""cy"":1728}","{}"
SHUF00420.jpg,528179,"{}",1,0,"{""name"":""point"",""cx"":1074,""cy"":1567}","{}"
SHUF00421.jpg,201318,"{}",1,0,"{""name"":""point"",""cx"":1150,""cy"":1188}","{}"
SHUF00422.jpg,312701,"{}",1,0,"{""name"":""point"",""cx"":1200,""cy"":1194}","{}"
SHUF00423.jpg,404198,"{}",1,0,"{""name"":""point"",""cx"":1937,""cy"":1548}","{}"
SHUF00424.jpg,344094,"{}",1,0,"{""name"":""point"",""cx"":1650,""cy"":1341}","{}"
SHUF00425.jpg,513273,"{}",1,0,"{""name"":""point"",""cx"":1184,""cy"":1677}","{}"
SHUF00426.jpg,289662,"{}",1,0,"{""name"":""point"",""cx"":545,""cy"":803}","{}"
SHUF00427.jpg,434868,"{}",1,0,"{""name"":""point"",""cx"":2113,""cy"":1615}","{}"
SHUF00428.jpg,327515,"{}",1,0,"{""name"":""point"",""cx"":871,""cy"":1148}","{}"
SHUF00429.jpg,313461,"{}",1,0,"{""name"":""point"",""cx"":1399,""cy"":1677}","{}"
SHUF00430.jpg,348165,"{}",1,0,"{""name"":""point"",""cx"":1440,""cy"":1188}","{}"
SHUF00431.jpg,235978,"{}",1,0,"{""name"":""point"",""cx"":913,""cy"":979}","{}"
SHUF00432.jpg,448199,"{}",1,0,"{""name"":""point"",""cx"":1091,""cy"":1593}","{}"
SHUF00433.jpg,312949,"{}",1,0,"{""name"":""point"",""cx"":1500,""cy"":1616}","{}"
SHUF00434.jpg,835720,"{}",1,0,"{""name"":""point"",""cx"":1254,""cy"":1684}","{}"
SHUF00435.jpg,125549,"{}",1,0,"{""name"":""point"",""cx"":1119,""cy"":894}","{}"
SHUF00436.jpg,204414,"{}",1,0,"{""name"":""point"",""cx"":888,""cy"":1090}","{}"
SHUF00437.jpg,262731,"{}",1,0,"{""name"":""point"",""cx"":834,""cy"":1101}","{}"
SHUF00438.jpg,446494,"{}",1,0,"{""name"":""point"",""cx"":2155,""cy"":1568}","{}"
SHUF00439.jpg,247636,"{}",1,0,"{""name"":""point"",""cx"":743,""cy"":1178}","{}"
SHUF00440.jpg,388412,"{}",1,0,"{""name"":""point"",""cx"":1654,""cy"":1281}","{}"
SHUF00441.jpg,411307,"{}",1,0,"{""name"":""point"",""cx"":1262,""cy"":1662}","{}"
SHUF00442.jpg,264394,"{}",1,0,"{""name"":""point"",""cx"":948,""cy"":1285}","{}"
SHUF00443.jpg,138355,"{}",1,0,"{""name"":""point"",""cx"":1316,""cy"":1022}","{}"
SHUF00444.jpg,152771,"{}",1,0,"{""name"":""point"",""cx"":970,""cy"":1001}","{}"
SHUF00445.jpg,169228,"{}",1,0,"{""name"":""point"",""cx"":678,""cy"":1027}","{}"
SHUF00446.jpg,254617,"{}",1,0,"{""name"":""point"",""cx"":730,""cy"":1128}","{}"
SHUF00447.jpg,170881,"{}",1,0,"{""name"":""point"",""cx"":898,""cy"":1191}","{}"
SHUF00448.jpg,418370,"{}",1,0,"{""name"":""point"",""cx"":1164,""cy"":1462}","{}"
SHUF00449.jpg,287676,"{}",1,0,"{""name"":""point"",""cx"":1392,""cy"":1293}","{}"
SHUF00450.jpg,191376,"{}",1,0,"{""name"":""point"",""cx"":898,""cy"":1143}","{}"
SHUF00451.jpg,334385,"{}",1,0,"{""name"":""point"",""cx"":1448,""cy"":1179}","{}"
SHUF00452.jpg,385121,"{}",1,0,"{""name"":""point"",""cx"":1285,""cy"":1296}","{}"
SHUF00453.jpg,606667,"{}",1,0,"{""name"":""point"",""cx"":1238,""cy"":1674}","{}"
SHUF00454.jpg,634606,"{}",1,0,"{""name"":""point"",""cx"":1998,""cy"":1676}","{}"
SHUF00455.jpg,591750,"{}",1,0,"{""name"":""point"",""cx"":1907,""cy"":1032}","{}"
SHUF00456.jpg,84756,"{}",1,0,"{""name"":""point"",""cx"":1309,""cy"":888}","{}"
SHUF00457.jpg,385803,"{}",1,0,"{""name"":""point"",""cx"":1109,""cy"":1131}","{}"
SHUF00458.jpg,261645,"{}",1,0,"{""name"":""point"",""cx"":712,""cy"":1154}","{}"
SHUF00459.jpg,249184,"{}",1,0,"{""name"":""point"",""cx"":1453,""cy"":1174}","{}"
SHUF00460.jpg,375561,"{}",1,0,"{""name"":""point"",""cx"":2130,""cy"":1609}","{}"
SHUF00461.jpg,274561,"{}",1,0,"{""name"":""point"",""cx"":1423,""cy"":1181}","{}"
SHUF00462.jpg,311364,"{}",1,0,"{""name"":""point"",""cx"":850,""cy"":1266}","{}"
SHUF00463.jpg,328035,"{}",1,0,"{""name"":""point"",""cx"":906,""cy"":1169}","{}"
SHUF00464.jpg,372739,"{}",1,0,"{""name"":""point"",""cx"":1076,""cy"":1648}","{}"
SHUF00465.jpg,126821,"{}",1,0,"{""name"":""point"",""cx"":917,""cy"":1022}","{}"
SHUF00466.jpg,822616,"{}",1,0,"{""name"":""point"",""cx"":2033,""cy"":1699}","{}"
SHUF00467.jpg,379370,"{}",1,0,"{""name"":""point"",""cx"":964,""cy"":1165}","{}"
SHUF00468.jpg,325192,"{}",1,0,"{""name"":""point"",""cx"":844,""cy"":1265}","{}"
SHUF00469.jpg,434783,"{}",1,0,"{""name"":""point"",""cx"":1029,""cy"":1405}","{}"
SHUF00470.jpg,729248,"{}",1,0,"{""name"":""point"",""cx"":2032,""cy"":1719}","{}"
SHUF00471.jpg,583206,"{}",1,0,"{""name"":""point"",""cx"":1944,""cy"":1679}","{}"
SHUF00472.jpg,115415,"{}",1,0,"{""name"":""point"",""cx"":1104,""cy"":847}","{}"
SHUF00473.jpg,222267,"{}",1,0,"{""name"":""point"",""cx"":840,""cy"":1099}","{}"
SHUF00474.jpg,133399,"{}",1,0,"{""name"":""point"",""cx"":718,""cy"":984}","{}"
SHUF00475.jpg,217447,"{}",1,0,"{""name"":""point"",""cx"":1693,""cy"":1275}","{}"
SHUF00476.jpg,370933,"{}",1,0,"{""name"":""point"",""cx"":1186,""cy"":1646}","{}"
SHUF00477.jpg,156510,"{}",1,0,"{""name"":""point"",""cx"":1188,""cy"":988}","{}"
SHUF00478.jpg,231065,"{}",1,0,"{""name"":""point"",""cx"":1458,""cy"":1164}","{}"
SHUF00479.jpg,350446,"{}",1,0,"{""name"":""point"",""cx"":1635,""cy"":1277}","{}"
SHUF00480.jpg,212150,"{}",1,0,"{""name"":""point"",""cx"":727,""cy"":1152}","{}"
SHUF00481.jpg,240879,"{}",1,0,"{""name"":""point"",""cx"":1301,""cy"":1075}","{}"
SHUF00482.jpg,246902,"{}",1,0,"{""name"":""point"",""cx"":1057,""cy"":1006}","{}"
SHUF00483.jpg,346820,"{}",1,0,"{""name"":""point"",""cx"":1109,""cy"":1621}","{}"
SHUF00484.jpg,231683,"{}",1,0,"{""name"":""point"",""cx"":896,""cy"":1131}","{}"
SHUF00485.jpg,151631,"{}",1,0,"{""name"":""point"",""cx"":1203,""cy"":993}","{}"
SHUF00486.jpg,168778,"{}",1,0,"{""name"":""point"",""cx"":871,""cy"":1140}","{}"
SHUF00487.jpg,117074,"{}",1,0,"{""name"":""point"",""cx"":1143,""cy"":1015}","{}"
SHUF00488.jpg,167203,"{}",1,0,"{""name"":""point"",""cx"":743,""cy"":887}","{}"
SHUF00489.jpg,608095,"{}",1,0,"{""name"":""point"",""cx"":1216,""cy"":1637}","{}"
SHUF00490.jpg,399122,"{}",1,0,"{""name"":""point"",""cx"":1471,""cy"":1148}","{}"
SHUF00491.jpg,330396,"{}",1,0,"{""name"":""point"",""cx"":1446,""cy"":1194}","{}"
SHUF00492.jpg,152936,"{}",1,0,"{""name"":""point"",""cx"":1230,""cy"":955}","{}"
SHUF00493.jpg,568107,"{}",1,0,"{""name"":""point"",""cx"":1987,""cy"":1649}","{}"
SHUF00494.jpg,241156,"{}",1,0,"{""name"":""point"",""cx"":1392,""cy"":1083}","{}"
SHUF00495.jpg,243484,"{}",1,0,"{""name"":""point"",""cx"":1295,""cy"":1116}","{}"
SHUF00496.jpg,239310,"{}",1,0,"{""name"":""point"",""cx"":862,""cy"":1128}","{}"
SHUF00497.jpg,352877,"{}",1,0,"{""name"":""point"",""cx"":915,""cy"":1239}","{}"
SHUF00498.jpg,211989,"{}",1,0,"{""name"":""point"",""cx"":1373,""cy"":1142}","{}"
SHUF00499.jpg,271115,"{}",1,0,"{""name"":""point"",""cx"":1051,""cy"":1095}","{}"
SHUF00500.jpg,298271,"{}",1,0,"{""name"":""point"",""cx"":999,""cy"":1187}","{}"
SHUF00501.jpg,784216,"{}",1,0,"{""name"":""point"",""cx"":1996,""cy"":1662}","{}"
SHUF00502.jpg,249220,"{}",1,0,"{""name"":""point"",""cx"":1402,""cy"":1235}","{}"
SHUF00503.jpg,627553,"{}",1,0,"{""name"":""point"",""cx"":1210,""cy"":1690}","{}"
SHUF00504.jpg,342984,"{}",1,0,"{""name"":""point"",""cx"":1883,""cy"":1437}","{}"
SHUF00505.jpg,141482,"{}",1,0,"{""name"":""point"",""cx"":865,""cy"":966}","{}"
SHUF00506.jpg,313252,"{}",1,0,"{""name"":""point"",""cx"":1050,""cy"":1059}","{}"
SHUF00507.jpg,546514,"{}",1,0,"{""name"":""point"",""cx"":1623,""cy"":1902}","{}"
SHUF00508.jpg,418453,"{}",1,0,"{""name"":""point"",""cx"":1101,""cy"":1596}","{}"
SHUF00509.jpg,319682,"{}",1,0,"{""name"":""point"",""cx"":829,""cy"":1375}","{}"
SHUF00510.jpg,401374,"{}",1,0,"{""name"":""point"",""cx"":1437,""cy"":1161}","{}"
SHUF00511.jpg,464346,"{}",1,0,"{""name"":""point"",""cx"":2345,""cy"":1767}","{}"
SHUF00512.jpg,478798,"{}",1,0,"{""name"":""point"",""cx"":2022,""cy"":1653}","{}"
SHUF00513.jpg,243372,"{}",1,0,"{""name"":""point"",""cx"":1462,""cy"":1166}","{}"
SHUF00514.jpg,396295,"{}",1,0,"{""name"":""point"",""cx"":1045,""cy"":1453}","{}"
SHUF00515.jpg,228878,"{}",1,0,"{""name"":""point"",""cx"":1368,""cy"":1107}","{}"
SHUF00516.jpg,258695,"{}",1,0,"{""name"":""point"",""cx"":1109,""cy"":1193}","{}"
SHUF00517.jpg,241830,"{}",1,0,"{""name"":""point"",""cx"":1134,""cy"":1166}","{}"
SHUF00518.jpg,324346,"{}",1,0,"{""name"":""point"",""cx"":1130,""cy"":1091}","{}"
SHUF00519.jpg,286247,"{}",1,0,"{""name"":""point"",""cx"":1970,""cy"":1155}","{}"
SHUF00520.jpg,336447,"{}",1,0,"{""name"":""point"",""cx"":1174,""cy"":1662}","{}"
SHUF00521.jpg,607203,"{}",1,0,"{""name"":""point"",""cx"":1169,""cy"":1612}","{}"
SHUF00522.jpg,647992,"{}",1,0,"{""name"":""point"",""cx"":1588,""cy"":1821}","{}"
SHUF00523.jpg,302490,"{}",1,0,"{""name"":""point"",""cx"":1726,""cy"":1285}","{}"
SHUF00524.jpg,606954,"{}",1,0,"{""name"":""point"",""cx"":949,""cy"":1692}","{}"
SHUF00525.jpg,617818,"{}",1,0,"{""name"":""point"",""cx"":1739,""cy"":1976}","{}"
SHUF00526.jpg,318494,"{}",1,0,"{""name"":""point"",""cx"":1171,""cy"":1252}","{}"
SHUF00527.jpg,600402,"{}",1,0,"{""name"":""point"",""cx"":1207,""cy"":1682}","{}"
SHUF00528.jpg,583723,"{}",1,0,"{""name"":""point"",""cx"":1217,""cy"":1670}","{}"
SHUF00529.jpg,150742,"{}",1,0,"{""name"":""point"",""cx"":1239,""cy"":1015}","{}"
SHUF00530.jpg,280577,"{}",1,0,"{""name"":""point"",""cx"":1433,""cy"":1197}","{}"
SHUF00531.jpg,298444,"{}",1,0,"{""name"":""point"",""cx"":1467,""cy"":1261}","{}"
SHUF00532.jpg,384219,"{}",1,0,"{""name"":""point"",""cx"":1395,""cy"":1171}","{}"
SHUF00533.jpg,814120,"{}",1,0,"{""name"":""point"",""cx"":2026,""cy"":1673}","{}"
SHUF00534.jpg,237328,"{}",1,0,"{""name"":""point"",""cx"":957,""cy"":1182}","{}"
SHUF00535.jpg,751999,"{}",1,0,"{""name"":""point"",""cx"":1277,""cy"":1689}","{}"
SHUF00536.jpg,228210,"{}",1,0,"{""name"":""point"",""cx"":1360,""cy"":1159}","{}"
SHUF00537.jpg,134682,"{}",1,0,"{""name"":""point"",""cx"":538,""cy"":869}","{}"
SHUF00538.jpg,214609,"{}",1,0,"{""name"":""point"",""cx"":1515,""cy"":1159}","{}"
SHUF00539.jpg,172480,"{}",1,0,"{""name"":""point"",""cx"":717,""cy"":1132}","{}"
SHUF00540.jpg,648790,"{}",1,0,"{""name"":""point"",""cx"":1205,""cy"":1665}","{}"
SHUF00541.jpg,514377,"{}",1,0,"{""name"":""point"",""cx"":1353,""cy"":2084}","{}"
SHUF00542.jpg,429519,"{}",1,0,"{""name"":""point"",""cx"":1788,""cy"":1413}","{}"
SHUF00543.jpg,480433,"{}",1,0,"{""name"":""point"",""cx"":1341,""cy"":1861}","{}"
SHUF00544.jpg,313922,"{}",1,0,"{""name"":""point"",""cx"":1463,""cy"":1188}","{}"
SHUF00545.jpg,221509,"{}",1,0,"{""name"":""point"",""cx"":749,""cy"":1172}","{}"
SHUF00546.jpg,326208,"{}",1,0,"{""name"":""point"",""cx"":913,""cy"":1173}","{}"
SHUF00547.jpg,125669,"{}",1,0,"{""name"":""point"",""cx"":1125,""cy"":858}","{}"
SHUF00548.jpg,240231,"{}",1,0,"{""name"":""point"",""cx"":1468,""cy"":1127}","{}"
SHUF00549.jpg,349553,"{}",1,0,"{""name"":""point"",""cx"":1778,""cy"":1275}","{}"
SHUF00550.jpg,445180,"{}",1,0,"{""name"":""point"",""cx"":1040,""cy"":1439}","{}"
SHUF00551.jpg,187887,"{}",1,0,"{""name"":""point"",""cx"":1056,""cy"":1136}","{}"
SHUF00552.jpg,123054,"{}",1,0,"{""name"":""point"",""cx"":1013,""cy"":829}","{}"
SHUF00553.jpg,405460,"{}",1,0,"{""name"":""point"",""cx"":1442,""cy"":1171}","{}"
SHUF00554.jpg,249910,"{}",1,0,"{""name"":""point"",""cx"":794,""cy"":1109}","{}"
SHUF00555.jpg,262319,"{}",1,0,"{""name"":""point"",""cx"":1647,""cy"":1348}","{}"
SHUF00556.jpg,295447,"{}",1,0,"{""name"":""point"",""cx"":1046,""cy"":1068}","{}"
SHUF00557.jpg,206967,"{}",1,0,"{""name"":""point"",""cx"":765,""cy"":1171}","{}"
SHUF00558.jpg,211914,"{}",1,0,"{""name"":""point"",""cx"":1307,""cy"":1123}","{}"
SHUF00559.jpg,244964,"{}",1,0,"{""name"":""point"",""cx"":837,""cy"":1188}","{}"
SHUF00560.jpg,458021,"{}",1,0,"{""name"":""point"",""cx"":1032,""cy"":1397}","{}"
SHUF00561.jpg,588154,"{}",1,0,"{""name"":""point"",""cx"":1084,""cy"":1818}","{}"
SHUF00562.jpg,352459,"{}",1,0,"{""name"":""point"",""cx"":1790,""cy"":690}","{}"
SHUF00563.jpg,241774,"{}",1,0,"{""name"":""point"",""cx"":853,""cy"":1109}","{}"
SHUF00564.jpg,818090,"{}",1,0,"{""name"":""point"",""cx"":1476,""cy"":2092}","{}"
SHUF00565.jpg,238122,"{}",1,0,"{""name"":""point"",""cx"":1431,""cy"":1154}","{}"
SHUF00566.jpg,235036,"{}",1,0,"{""name"":""point"",""cx"":890,""cy"":1148}","{}"
SHUF00567.jpg,304161,"{}",1,0,"{""name"":""point"",""cx"":1458,""cy"":1197}","{}"
SHUF00568.jpg,133576,"{}",1,0,"{""name"":""point"",""cx"":557,""cy"":871}","{}"
SHUF00569.jpg,331427,"{}",1,0,"{""name"":""point"",""cx"":1121,""cy"":1557}","{}"
SHUF00570.jpg,413686,"{}",1,0,"{""name"":""point"",""cx"":1038,""cy"":1623}","{}"
SHUF00571.jpg,259485,"{}",1,0,"{""name"":""point"",""cx"":928,""cy"":1585}","{}"
SHUF00572.jpg,132641,"{}",1,0,"{""name"":""point"",""cx"":597,""cy"":893}","{}"
SHUF00573.jpg,328111,"{}",1,0,"{""name"":""point"",""cx"":808,""cy"":1306}","{}"
SHUF00574.jpg,586524,"{}",1,0,"{""name"":""point"",""cx"":1237,""cy"":1722}","{}"
SHUF00575.jpg,369904,"{}",1,0,"{""name"":""point"",""cx"":1728,""cy"":1229}","{}"
SHUF00576.jpg,244382,"{}",1,0,"{""name"":""point"",""cx"":728,""cy"":1152}","{}"
SHUF00577.jpg,153579,"{}",1,0,"{""name"":""point"",""cx"":708,""cy"":1161}","{}"
SHUF00578.jpg,183620,"{}",1,0,"{""name"":""point"",""cx"":676,""cy"":1104}","{}"
SHUF00579.jpg,457319,"{}",1,0,"{""name"":""point"",""cx"":1938,""cy"":1582}","{}"
SHUF00580.jpg,183057,"{}",1,0,"{""name"":""point"",""cx"":1136,""cy"":1159}","{}"
SHUF00581.jpg,264375,"{}",1,0,"{""name"":""point"",""cx"":948,""cy"":1043}","{}"
SHUF00582.jpg,896739,"{}",1,0,"{""name"":""point"",""cx"":2370,""cy"":2060}","{}"
SHUF00583.jpg,478824,"{}",1,0,"{""name"":""point"",""cx"":1998,""cy"":1584}","{}"
SHUF00584.jpg,341569,"{}",1,0,"{""name"":""point"",""cx"":2000,""cy"":1452}","{}"
SHUF00585.jpg,233704,"{}",1,0,"{""name"":""point"",""cx"":660,""cy"":1134}","{}"
SHUF00586.jpg,334581,"{}",1,0,"{""name"":""point"",""cx"":1654,""cy"":1365}","{}"
SHUF00587.jpg,291241,"{}",1,0,"{""name"":""point"",""cx"":1397,""cy"":1144}","{}"
SHUF00588.jpg,173676,"{}",1,0,"{""name"":""point"",""cx"":822,""cy"":1084}","{}"
SHUF00589.jpg,318662,"{}",1,0,"{""name"":""point"",""cx"":842,""cy"":1139}","{}"
SHUF00590.jpg,353119,"{}",1,0,"{""name"":""point"",""cx"":1362,""cy"":1328}","{}"
SHUF00591.jpg,348686,"{}",1,0,"{""name"":""point"",""cx"":807,""cy"":1293}","{}"
SHUF00592.jpg,185544,"{}",1,0,"{""name"":""point"",""cx"":1372,""cy"":1135}","{}"
SHUF00593.jpg,128653,"{}",1,0,"{""name"":""point"",""cx"":578,""cy"":882}","{}"
SHUF00594.jpg,181373,"{}",1,0,"{""name"":""point"",""cx"":2014,""cy"":1134}","{}"
SHUF00595.jpg,632117,"{}",1,0,"{""name"":""point"",""cx"":1231,""cy"":1654}","{}"
SHUF00596.jpg,323777,"{}",1,0,"{""name"":""point"",""cx"":890,""cy"":1167}","{}"
SHUF00597.jpg,153378,"{}",1,0,"{""name"":""point"",""cx"":673,""cy"":1019}","{}"
SHUF00598.jpg,419684,"{}",1,0,"{""name"":""point"",""cx"":1644,""cy"":1839}","{}"
SHUF00599.jpg,131485,"{}",1,0,"{""name"":""point"",""cx"":1004,""cy"":823}","{}"
SHUF00600.jpg,274948,"{}",1,0,"{""name"":""point"",""cx"":1348,""cy"":1113}","{}"
SHUF00601.jpg,245355,"{}",1,0,"{""name"":""point"",""cx"":1540,""cy"":1167}","{}"
SHUF00602.jpg,236675,"{}",1,0,"{""name"":""point"",""cx"":1472,""cy"":1169}","{}"
SHUF00603.jpg,336963,"{}",1,0,"{""name"":""point"",""cx"":1403,""cy"":809}","{}"
SHUF00604.jpg,306111,"{}",1,0,"{""name"":""point"",""cx"":836,""cy"":1206}","{}"
SHUF00605.jpg,239360,"{}",1,0,"{""name"":""point"",""cx"":1452,""cy"":1117}","{}"
SHUF00606.jpg,218232,"{}",1,0,"{""name"":""point"",""cx"":1295,""cy"":1104}","{}"
SHUF00607.jpg,316567,"{}",1,0,"{""name"":""point"",""cx"":1175,""cy"":1142}","{}"
SHUF00608.jpg,151154,"{}",1,0,"{""name"":""point"",""cx"":730,""cy"":987}","{}"
SHUF00609.jpg,313313,"{}",1,0,"{""name"":""point"",""cx"":1042,""cy"":1550}","{}"
SHUF00610.jpg,261958,"{}",1,0,"{""name"":""point"",""cx"":1020,""cy"":1069}","{}"
SHUF00611.jpg,303103,"{}",1,0,"{""name"":""point"",""cx"":929,""cy"":1159}","{}"
SHUF00612.jpg,270659,"{}",1,0,"{""name"":""point"",""cx"":952,""cy"":1157}","{}"
SHUF00613.jpg,513963,"{}",1,0,"{""name"":""point"",""cx"":2003,""cy"":1593}","{}"
SHUF00614.jpg,263370,"{}",1,0,"{""name"":""point"",""cx"":1432,""cy"":1140}","{}"
SHUF00615.jpg,635277,"{}",1,0,"{""name"":""point"",""cx"":1021,""cy"":1649}","{}"
SHUF00616.jpg,331130,"{}",1,0,"{""name"":""point"",""cx"":900,""cy"":1157}","{}"
SHUF00617.jpg,206202,"{}",1,0,"{""name"":""point"",""cx"":867,""cy"":1105}","{}"
SHUF00618.jpg,559892,"{}",1,0,"{""name"":""point"",""cx"":1220,""cy"":1678}","{}"
SHUF00619.jpg,374349,"{}",1,0,"{""name"":""point"",""cx"":2201,""cy"":1612}","{}"
SHUF00620.jpg,445577,"{}",1,0,"{""name"":""point"",""cx"":2221,""cy"":1702}","{}"
SHUF00621.jpg,698818,"{}",1,0,"{""name"":""point"",""cx"":1698,""cy"":1743}","{}"
SHUF00622.jpg,250922,"{}",1,0,"{""name"":""point"",""cx"":1262,""cy"":1052}","{}"
SHUF00623.jpg,152452,"{}",1,0,"{""name"":""point"",""cx"":621,""cy"":957}","{}"
SHUF00624.jpg,186320,"{}",1,0,"{""name"":""point"",""cx"":979,""cy"":1184}","{}"
SHUF00625.jpg,117168,"{}",1,0,"{""name"":""point"",""cx"":1201,""cy"":890}","{}"
SHUF00626.jpg,228204,"{}",1,0,"{""name"":""point"",""cx"":1429,""cy"":1164}","{}"
SHUF00627.jpg,166124,"{}",1,0,"{""name"":""point"",""cx"":1248,""cy"":1227}","{}"
SHUF00628.jpg,130333,"{}",1,0,"{""name"":""point"",""cx"":1115,""cy"":994}","{}"
SHUF00629.jpg,160500,"{}",1,0,"{""name"":""point"",""cx"":1082,""cy"":896}","{}"
SHUF00630.jpg,353044,"{}",1,0,"{""name"":""point"",""cx"":800,""cy"":1316}","{}"
SHUF00631.jpg,223489,"{}",1,0,"{""name"":""point"",""cx"":824,""cy"":1138}","{}"
SHUF00632.jpg,166812,"{}",1,0,"{""name"":""point"",""cx"":1400,""cy"":1106}","{}"
SHUF00633.jpg,192281,"{}",1,0,"{""name"":""point"",""cx"":1127,""cy"":1241}","{}"
SHUF00634.jpg,647562,"{}",1,0,"{""name"":""point"",""cx"":1226,""cy"":1659}","{}"
SHUF00635.jpg,555514,"{}",1,0,"{""name"":""point"",""cx"":1188,""cy"":1942}","{}"
SHUF00636.jpg,265589,"{}",1,0,"{""name"":""point"",""cx"":954,""cy"":1165}","{}"
SHUF00637.jpg,123295,"{}",1,0,"{""name"":""point"",""cx"":687,""cy"":1002}","{}"
SHUF00638.jpg,151568,"{}",1,0,"{""name"":""point"",""cx"":1166,""cy"":996}","{}"
SHUF00639.jpg,282453,"{}",1,0,"{""name"":""point"",""cx"":1158,""cy"":1203}","{}"
SHUF00640.jpg,417053,"{}",1,0,"{""name"":""point"",""cx"":2139,""cy"":1594}","{}"
SHUF00641.jpg,262895,"{}",1,0,"{""name"":""point"",""cx"":840,""cy"":1134}","{}"
SHUF00642.jpg,371727,"{}",1,0,"{""name"":""point"",""cx"":1921,""cy"":1362}","{}"
SHUF00643.jpg,350242,"{}",1,0,"{""name"":""point"",""cx"":830,""cy"":1293}","{}"
SHUF00644.jpg,509932,"{}",1,0,"{""name"":""point"",""cx"":1992,""cy"":1683}","{}"
SHUF00645.jpg,119832,"{}",1,0,"{""name"":""point"",""cx"":607,""cy"":1001}","{}"
SHUF00646.jpg,618017,"{}",1,0,"{""name"":""point"",""cx"":1160,""cy"":1612}","{}"
SHUF00647.jpg,339803,"{}",1,0,"{""name"":""point"",""cx"":1475,""cy"":1248}","{}"
SHUF00648.jpg,140984,"{}",1,0,"{""name"":""point"",""cx"":906,""cy"":1014}","{}"
SHUF00649.jpg,131230,"{}",1,0,"{""name"":""point"",""cx"":607,""cy"":970}","{}"
SHUF00650.jpg,506774,"{}",1,0,"{""name"":""point"",""cx"":2234,""cy"":1611}","{}"
SHUF00651.jpg,245891,"{}",1,0,"{""name"":""point"",""cx"":885,""cy"":1146}","{}"
SHUF00652.jpg,231836,"{}",1,0,"{""name"":""point"",""cx"":741,""cy"":1144}","{}"
SHUF00653.jpg,207479,"{}",1,0,"{""name"":""point"",""cx"":827,""cy"":1133}","{}"
SHUF00654.jpg,203559,"{}",1,0,"{""name"":""point"",""cx"":1388,""cy"":1170}","{}"
SHUF00655.jpg,169952,"{}",1,0,"{""name"":""point"",""cx"":879,""cy"":1148}","{}"
SHUF00656.jpg,218296,"{}",1,0,"{""name"":""point"",""cx"":854,""cy"":1105}","{}"
SHUF00657.jpg,280168,"{}",1,0,"{""name"":""point"",""cx"":1374,""cy"":1314}","{}"
SHUF00658.jpg,202959,"{}",1,0,"{""name"":""point"",""cx"":999,""cy"":1141}","{}"
SHUF00659.jpg,619725,"{}",1,0,"{""name"":""point"",""cx"":1940,""cy"":1670}","{}"
SHUF00660.jpg,251446,"{}",1,0,"{""name"":""point"",""cx"":1021,""cy"":1112}","{}"
SHUF00661.jpg,306627,"{}",1,0,"{""name"":""point"",""cx"":1197,""cy"":1352}","{}"
SHUF00662.jpg,162619,"{}",1,0,"{""name"":""point"",""cx"":727,""cy"":1165}","{}"
SHUF00663.jpg,407841,"{}",1,0,"{""name"":""point"",""cx"":873,""cy"":1296}","{}"
SHUF00664.jpg,275107,"{}",1,0,"{""name"":""point"",""cx"":2147,""cy"":1620}","{}"
SHUF00665.jpg,179464,"{}",1,0,"{""name"":""point"",""cx"":1804,""cy"":1087}","{}"
SHUF00666.jpg,454556,"{}",1,0,"{""name"":""point"",""cx"":1217,""cy"":1696}","{}"
SHUF00667.jpg,604948,"{}",1,0,"{""name"":""point"",""cx"":1070,""cy"":1750}","{}"
SHUF00668.jpg,212983,"{}",1,0,"{""name"":""point"",""cx"":697,""cy"":1159}","{}"
SHUF00669.jpg,330428,"{}",1,0,"{""name"":""point"",""cx"":793,""cy"":1311}","{}"
SHUF00670.jpg,123325,"{}",1,0,"{""name"":""point"",""cx"":1164,""cy"":862}","{}"
SHUF00671.jpg,396493,"{}",1,0,"{""name"":""point"",""cx"":944,""cy"":1148}","{}"
SHUF00672.jpg,405513,"{}",1,0,"{""name"":""point"",""cx"":1845,""cy"":1430}","{}"
SHUF00673.jpg,117337,"{}",1,0,"{""name"":""point"",""cx"":1118,""cy"":884}","{}"
SHUF00674.jpg,138271,"{}",1,0,"{""name"":""point"",""cx"":1173,""cy"":1025}","{}"
SHUF00675.jpg,269556,"{}",1,0,"{""name"":""point"",""cx"":1416,""cy"":1216}","{}"
SHUF00676.jpg,107280,"{}",1,0,"{""name"":""point"",""cx"":1162,""cy"":941}","{}"
SHUF00677.jpg,299533,"{}",1,0,"{""name"":""point"",""cx"":792,""cy"":1166}","{}"
SHUF00678.jpg,298085,"{}",1,0,"{""name"":""point"",""cx"":376,""cy"":1617}","{}"
SHUF00679.jpg,223711,"{}",1,0,"{""name"":""point"",""cx"":776,""cy"":917}","{}"
SHUF00680.jpg,662202,"{}",1,0,"{""name"":""point"",""cx"":1336,""cy"":1680}","{}"
SHUF00681.jpg,362167,"{}",1,0,"{""name"":""point"",""cx"":905,""cy"":1168}","{}"
SHUF00682.jpg,272450,"{}",1,0,"{""name"":""point"",""cx"":984,""cy"":1275}","{}"
SHUF00683.jpg,204220,"{}",1,0,"{""name"":""point"",""cx"":1537,""cy"":1154}","{}"
SHUF00684.jpg,159671,"{}",1,0,"{""name"":""point"",""cx"":1159,""cy"":845}","{}"
SHUF00685.jpg,207185,"{}",1,0,"{""name"":""point"",""cx"":1300,""cy"":1091}","{}"
SHUF00686.jpg,238777,"{}",1,0,"{""name"":""point"",""cx"":1308,""cy"":1103}","{}"
SHUF00687.jpg,406667,"{}",1,0,"{""name"":""point"",""cx"":1708,""cy"":1407}","{}"
SHUF00688.jpg,265725,"{}",1,0,"{""name"":""point"",""cx"":1268,""cy"":1096}","{}"
SHUF00689.jpg,242694,"{}",1,0,"{""name"":""point"",""cx"":1432,""cy"":1123}","{}"
SHUF00690.jpg,363344,"{}",1,0,"{""name"":""point"",""cx"":1635,""cy"":1282}","{}"
SHUF00691.jpg,241923,"{}",1,0,"{""name"":""point"",""cx"":1445,""cy"":1128}","{}"
SHUF00692.jpg,630387,"{}",1,0,"{""name"":""point"",""cx"":2267,""cy"":1761}","{}"
SHUF00693.jpg,525286,"{}",1,0,"{""name"":""point"",""cx"":956,""cy"":1560}","{}"
SHUF00694.jpg,498455,"{}",1,0,"{""name"":""point"",""cx"":1368,""cy"":2143}","{}"
SHUF00695.jpg,194405,"{}",1,0,"{""name"":""point"",""cx"":452,""cy"":985}","{}"
SHUF00696.jpg,173829,"{}",1,0,"{""name"":""point"",""cx"":1398,""cy"":1007}","{}"
SHUF00697.jpg,613657,"{}",1,0,"{""name"":""point"",""cx"":2267,""cy"":1763}","{}"
SHUF00698.jpg,570037,"{}",1,0,"{""name"":""point"",""cx"":1272,""cy"":1932}","{}"
SHUF00699.jpg,149921,"{}",1,0,"{""name"":""point"",""cx"":696,""cy"":999}","{}"
SHUF00700.jpg,300771,"{}",1,0,"{""name"":""point"",""cx"":879,""cy"":1140}","{}"
SHUF00701.jpg,265978,"{}",1,0,"{""name"":""point"",""cx"":884,""cy"":1230}","{}"
SHUF00702.jpg,604317,"{}",1,0,"{""name"":""point"",""cx"":1904,""cy"":1580}","{}"
SHUF00703.jpg,847740,"{}",1,0,"{""name"":""point"",""cx"":1145,""cy"":1687}","{}"
SHUF00704.jpg,767491,"{}",1,0,"{""name"":""point"",""cx"":2015,""cy"":1656}","{}"
SHUF00705.jpg,675808,"{}",1,0,"{""name"":""point"",""cx"":2110,""cy"":1660}","{}"
SHUF00706.jpg,228288,"{}",1,0,"{""name"":""point"",""cx"":746,""cy"":1148}","{}"
SHUF00707.jpg,416147,"{}",1,0,"{""name"":""point"",""cx"":861,""cy"":1267}","{}"
SHUF00708.jpg,317612,"{}",1,0,"{""name"":""point"",""cx"":892,""cy"":1171}","{}"
SHUF00709.jpg,145682,"{}",1,0,"{""name"":""point"",""cx"":1115,""cy"":895}","{}"
SHUF00710.jpg,471910,"{}",1,0,"{""name"":""point"",""cx"":2289,""cy"":1761}","{}"
SHUF00711.jpg,815078,"{}",1,0,"{""name"":""point"",""cx"":1991,""cy"":1657}","{}"
SHUF00712.jpg,329065,"{}",1,0,"{""name"":""point"",""cx"":906,""cy"":1163}","{}"
SHUF00713.jpg,282067,"{}",1,0,"{""name"":""point"",""cx"":1170,""cy"":1851}","{}"
SHUF00714.jpg,313258,"{}",1,0,"{""name"":""point"",""cx"":1426,""cy"":1264}","{}"
SHUF00715.jpg,338488,"{}",1,0,"{""name"":""point"",""cx"":869,""cy"":1587}","{}"
SHUF00716.jpg,602338,"{}",1,0,"{""name"":""point"",""cx"":2269,""cy"":1591}","{}"
SHUF00717.jpg,479005,"{}",1,0,"{""name"":""point"",""cx"":2241,""cy"":2109}","{}"
SHUF00718.jpg,137934,"{}",1,0,"{""name"":""point"",""cx"":612,""cy"":962}","{}"
SHUF00719.jpg,402939,"{}",1,0,"{""name"":""point"",""cx"":856,""cy"":1270}","{}"
SHUF00720.jpg,180128,"{}",1,0,"{""name"":""point"",""cx"":1773,""cy"":1198}","{}"
SHUF00721.jpg,229494,"{}",1,0,"{""name"":""point"",""cx"":976,""cy"":998}","{}"
SHUF00722.jpg,291705,"{}",1,0,"{""name"":""point"",""cx"":960,""cy"":1126}","{}"
SHUF00723.jpg,489036,"{}",1,0,"{""name"":""point"",""cx"":1415,""cy"":1671}","{}"
SHUF00724.jpg,173394,"{}",1,0,"{""name"":""point"",""cx"":809,""cy"":1078}","{}"
SHUF00725.jpg,403461,"{}",1,0,"{""name"":""point"",""cx"":2160,""cy"":1519}","{}"
SHUF00726.jpg,458491,"{}",1,0,"{""name"":""point"",""cx"":2084,""cy"":1599}","{}"
SHUF00727.jpg,461643,"{}",1,0,"{""name"":""point"",""cx"":1738,""cy"":1412}","{}"
SHUF00728.jpg,222848,"{}",1,0,"{""name"":""point"",""cx"":1475,""cy"":1117}","{}"
SHUF00729.jpg,277968,"{}",1,0,"{""name"":""point"",""cx"":1949,""cy"":1414}","{}"
SHUF00730.jpg,404876,"{}",1,0,"{""name"":""point"",""cx"":804,""cy"":1314}","{}"
SHUF00731.jpg,293942,"{}",1,0,"{""name"":""point"",""cx"":1049,""cy"":1123}","{}"
SHUF00732.jpg,275419,"{}",1,0,"{""name"":""point"",""cx"":921,""cy"":1159}","{}"
SHUF00733.jpg,286568,"{}",1,0,"{""name"":""point"",""cx"":1561,""cy"":1381}","{}"
SHUF00734.jpg,132259,"{}",1,0,"{""name"":""point"",""cx"":550,""cy"":871}","{}"
SHUF00735.jpg,437119,"{}",1,0,"{""name"":""point"",""cx"":1769,""cy"":1632}","{}"
SHUF00736.jpg,353020,"{}",1,0,"{""name"":""point"",""cx"":1472,""cy"":1283}","{}"
SHUF00737.jpg,118773,"{}",1,0,"{""name"":""point"",""cx"":1139,""cy"":895}","{}"
SHUF00738.jpg,432612,"{}",1,0,"{""name"":""point"",""cx"":2023,""cy"":1561}","{}"
SHUF00739.jpg,248933,"{}",1,0,"{""name"":""point"",""cx"":1478,""cy"":1296}","{}"
SHUF00740.jpg,215031,"{}",1,0,"{""name"":""point"",""cx"":1109,""cy"":1310}","{}"
SHUF00741.jpg,250610,"{}",1,0,"{""name"":""point"",""cx"":1528,""cy"":1151}","{}"
SHUF00742.jpg,195063,"{}",1,0,"{""name"":""point"",""cx"":1088,""cy"":1026}","{}"
SHUF00743.jpg,223556,"{}",1,0,"{""name"":""point"",""cx"":775,""cy"":1144}","{}"
SHUF00744.jpg,259214,"{}",1,0,"{""name"":""point"",""cx"":843,""cy"":1160}","{}"
SHUF00745.jpg,412632,"{}",1,0,"{""name"":""point"",""cx"":799,""cy"":1313}","{}"
SHUF00746.jpg,286924,"{}",1,0,"{""name"":""point"",""cx"":445,""cy"":1210}","{}"
SHUF00747.jpg,576643,"{}",1,0,"{""name"":""point"",""cx"":1977,""cy"":1688}","{}"
SHUF00748.jpg,445937,"{}",1,0,"{""name"":""point"",""cx"":2124,""cy"":1610}","{}"
SHUF00749.jpg,244258,"{}",1,0,"{""name"":""point"",""cx"":1407,""cy"":1101}","{}"
SHUF00750.jpg,214035,"{}",1,0,"{""name"":""point"",""cx"":978,""cy"":1457}","{}"
SHUF00751.jpg,259519,"{}",1,0,"{""name"":""point"",""cx"":1491,""cy"":1267}","{}"
SHUF00752.jpg,124451,"{}",1,0,"{""name"":""point"",""cx"":1118,""cy"":887}","{}"
SHUF00753.jpg,190812,"{}",1,0,"{""name"":""point"",""cx"":1444,""cy"":1129}","{}"
SHUF00754.jpg,253310,"{}",1,0,"{""name"":""point"",""cx"":862,""cy"":1125}","{}"
SHUF00755.jpg,195502,"{}",1,0,"{""name"":""point"",""cx"":972,""cy"":1150}","{}"
SHUF00756.jpg,308252,"{}",1,0,"{""name"":""point"",""cx"":1061,""cy"":943}","{}"
SHUF00757.jpg,253872,"{}",1,0,"{""name"":""point"",""cx"":826,""cy"":1070}","{}"
SHUF00758.jpg,383223,"{}",1,0,"{""name"":""point"",""cx"":800,""cy"":1337}","{}"
SHUF00759.jpg,500681,"{}",1,0,"{""name"":""point"",""cx"":2331,""cy"":1792}","{}"
SHUF00760.jpg,424214,"{}",1,0,"{""name"":""point"",""cx"":1027,""cy"":1397}","{}"
SHUF00761.jpg,265218,"{}",1,0,"{""name"":""point"",""cx"":904,""cy"":1184}","{}"
SHUF00762.jpg,386896,"{}",1,0,"{""name"":""point"",""cx"":1141,""cy"":1581}","{}"
SHUF00763.jpg,385812,"{}",1,0,"{""name"":""point"",""cx"":818,""cy"":1312}","{}"
SHUF00764.jpg,397376,"{}",1,0,"{""name"":""point"",""cx"":1039,""cy"":1406}","{}"
SHUF00765.jpg,143033,"{}",1,0,"{""name"":""point"",""cx"":1204,""cy"":989}","{}"
SHUF00766.jpg,275578,"{}",1,0,"{""name"":""point"",""cx"":1398,""cy"":1124}","{}"
SHUF00767.jpg,282665,"{}",1,0,"{""name"":""point"",""cx"":1118,""cy"":1007}","{}"
SHUF00768.jpg,354612,"{}",1,0,"{""name"":""point"",""cx"":830,""cy"":1279}","{}"
SHUF00769.jpg,327292,"{}",1,0,"{""name"":""point"",""cx"":871,""cy"":1156}","{}"
SHUF00770.jpg,124160,"{}",1,0,"{""name"":""point"",""cx"":711,""cy"":840}","{}"
SHUF00771.jpg,219337,"{}",1,0,"{""name"":""point"",""cx"":1503,""cy"":1718}","{}"
SHUF00772.jpg,422527,"{}",1,0,"{""name"":""point"",""cx"":1119,""cy"":1653}","{}"
SHUF00773.jpg,174802,"{}",1,0,"{""name"":""point"",""cx"":729,""cy"":945}","{}"
SHUF00774.jpg,389988,"{}",1,0,"{""name"":""point"",""cx"":1641,""cy"":1299}","{}"
SHUF00775.jpg,291538,"{}",1,0,"{""name"":""point"",""cx"":911,""cy"":1243}","{}"
SHUF00776.jpg,281916,"{}",1,0,"{""name"":""point"",""cx"":906,""cy"":1137}","{}"
SHUF00777.jpg,127994,"{}",1,0,"{""name"":""point"",""cx"":1159,""cy"":907}","{}"
SHUF00778.jpg,359944,"{}",1,0,"{""name"":""point"",""cx"":1621,""cy"":1315}","{}"
SHUF00779.jpg,321358,"{}",1,0,"{""name"":""point"",""cx"":863,""cy"":1165}","{}"
SHUF00780.jpg,746181,"{}",1,0,"{""name"":""point"",""cx"":2207,""cy"":1758}","{}"
SHUF00781.jpg,319129,"{}",1,0,"{""name"":""point"",""cx"":1425,""cy"":1168}","{}"
SHUF00782.jpg,246293,"{}",1,0,"{""name"":""point"",""cx"":1396,""cy"":1150}","{}"
SHUF00783.jpg,347782,"{}",1,0,"{""name"":""point"",""cx"":933,""cy"":1737}","{}"
SHUF00784.jpg,298423,"{}",1,0,"{""name"":""point"",""cx"":1490,""cy"":1157}","{}"
SHUF00785.jpg,345466,"{}",1,0,"{""name"":""point"",""cx"":902,""cy"":1275}","{}"
SHUF00786.jpg,252941,"{}",1,0,"{""name"":""point"",""cx"":1445,""cy"":1163}","{}"
SHUF00787.jpg,127807,"{}",1,0,"{""name"":""point"",""cx"":1186,""cy"":861}","{}"
SHUF00788.jpg,357390,"{}",1,0,"{""name"":""point"",""cx"":1564,""cy"":1726}","{}"
SHUF00789.jpg,327705,"{}",1,0,"{""name"":""point"",""cx"":1513,""cy"":1204}","{}"
SHUF00790.jpg,194377,"{}",1,0,"{""name"":""point"",""cx"":735,""cy"":1086}","{}"
SHUF00791.jpg,236986,"{}",1,0,"{""name"":""point"",""cx"":909,""cy"":1131}","{}"
SHUF00792.jpg,446171,"{}",1,0,"{""name"":""point"",""cx"":2213,""cy"":2088}","{}"
SHUF00793.jpg,281641,"{}",1,0,"{""name"":""point"",""cx"":851,""cy"":1101}","{}"
SHUF00794.jpg,272874,"{}",1,0,"{""name"":""point"",""cx"":1495,""cy"":1257}","{}"
SHUF00795.jpg,366907,"{}",1,0,"{""name"":""point"",""cx"":1357,""cy"":1288}","{}"
SHUF00796.jpg,225544,"{}",1,0,"{""name"":""point"",""cx"":1419,""cy"":1128}","{}"
SHUF00797.jpg,244831,"{}",1,0,"{""name"":""point"",""cx"":859,""cy"":1137}","{}"
SHUF00798.jpg,258371,"{}",1,0,"{""name"":""point"",""cx"":1437,""cy"":1162}","{}"
SHUF00799.jpg,303365,"{}",1,0,"{""name"":""point"",""cx"":919,""cy"":1265}","{}"
SHUF00800.jpg,313525,"{}",1,0,"{""name"":""point"",""cx"":1030,""cy"":1090}","{}"
SHUF00801.jpg,157886,"{}",1,0,"{""name"":""point"",""cx"":712,""cy"":1008}","{}"
SHUF00802.jpg,260090,"{}",1,0,"{""name"":""point"",""cx"":843,""cy"":1156}","{}"
SHUF00803.jpg,161330,"{}",1,0,"{""name"":""point"",""cx"":715,""cy"":969}","{}"
SHUF00804.jpg,143863,"{}",1,0,"{""name"":""point"",""cx"":710,""cy"":977}","{}"
SHUF00805.jpg,108176,"{}",1,0,"{""name"":""point"",""cx"":1613,""cy"":904}","{}"
SHUF00806.jpg,308419,"{}",1,0,"{""name"":""point"",""cx"":860,""cy"":1313}","{}"
SHUF00807.jpg,677125,"{}",1,0,"{""name"":""point"",""cx"":1969,""cy"":1672}","{}"
SHUF00808.jpg,262378,"{}",1,0,"{""name"":""point"",""cx"":904,""cy"":1163}","{}"
SHUF00809.jpg,160429,"{}",1,0,"{""name"":""point"",""cx"":1135,""cy"":1127}","{}"
SHUF00810.jpg,238810,"{}",1,0,"{""name"":""point"",""cx"":695,""cy"":1068}","{}"
SHUF00811.jpg,262913,"{}",1,0,"{""name"":""point"",""cx"":1419,""cy"":1167}","{}"
SHUF00812.jpg,281446,"{}",1,0,"{""name"":""point"",""cx"":1188,""cy"":1146}","{}"
SHUF00813.jpg,703933,"{}",1,0,"{""name"":""point"",""cx"":2142,""cy"":1812}","{}"
SHUF00814.jpg,144207,"{}",1,0,"{""name"":""point"",""cx"":756,""cy"":960}","{}"
SHUF00815.jpg,123205,"{}",1,0,"{""name"":""point"",""cx"":924,""cy"":917}","{}"
SHUF00816.jpg,199378,"{}",1,0,"{""name"":""point"",""cx"":881,""cy"":1103}","{}"
SHUF00817.jpg,358246,"{}",1,0,"{""name"":""point"",""cx"":1106,""cy"":1340}","{}"
SHUF00818.jpg,241012,"{}",1,0,"{""name"":""point"",""cx"":1069,""cy"":1170}","{}"
SHUF00819.jpg,582786,"{}",1,0,"{""name"":""point"",""cx"":1965,""cy"":1669}","{}"
SHUF00820.jpg,592351,"{}",1,0,"{""name"":""point"",""cx"":1995,""cy"":1668}","{}"
SHUF00821.jpg,182699,"{}",1,0,"{""name"":""point"",""cx"":1391,""cy"":1094}","{}"
SHUF00822.jpg,158038,"{}",1,0,"{""name"":""point"",""cx"":1384,""cy"":1143}","{}"
SHUF00823.jpg,143416,"{}",1,0,"{""name"":""point"",""cx"":1231,""cy"":948}","{}"
SHUF00824.jpg,124690,"{}",1,0,"{""name"":""point"",""cx"":1109,""cy"":896}","{}"
SHUF00825.jpg,382568,"{}",1,0,"{""name"":""point"",""cx"":786,""cy"":1284}","{}"
SHUF00826.jpg,826616,"{}",1,0,"{""name"":""point"",""cx"":2083,""cy"":1667}","{}"
SHUF00827.jpg,618415,"{}",1,0,"{""name"":""point"",""cx"":1234,""cy"":1683}","{}"
SHUF00828.jpg,221125,"{}",1,0,"{""name"":""point"",""cx"":1892,""cy"":1442}","{}"
SHUF00829.jpg,781177,"{}",1,0,"{""name"":""point"",""cx"":2007,""cy"":1660}","{}"
SHUF00830.jpg,306666,"{}",1,0,"{""name"":""point"",""cx"":1034,""cy"":1111}","{}"
SHUF00831.jpg,602599,"{}",1,0,"{""name"":""point"",""cx"":1095,""cy"":1706}","{}"
SHUF00832.jpg,221393,"{}",1,0,"{""name"":""point"",""cx"":1920,""cy"":966}","{}"
SHUF00833.jpg,492291,"{}",1,0,"{""name"":""point"",""cx"":1980,""cy"":1681}","{}"
SHUF00834.jpg,697706,"{}",1,0,"{""name"":""point"",""cx"":1972,""cy"":1664}","{}"
SHUF00835.jpg,128119,"{}",1,0,"{""name"":""point"",""cx"":1120,""cy"":897}","{}"
SHUF00836.jpg,607782,"{}",1,0,"{""name"":""point"",""cx"":2706,""cy"":2178}","{}"
SHUF00837.jpg,275620,"{}",1,0,"{""name"":""point"",""cx"":1037,""cy"":1037}","{}"
SHUF00838.jpg,654892,"{}",1,0,"{""name"":""point"",""cx"":1239,""cy"":1634}","{}"
SHUF00839.jpg,109088,"{}",1,0,"{""name"":""point"",""cx"":953,""cy"":1002}","{}"
SHUF00840.jpg,374821,"{}",1,0,"{""name"":""point"",""cx"":1119,""cy"":1850}","{}"
SHUF00841.jpg,252317,"{}",1,0,"{""name"":""point"",""cx"":1008,""cy"":1022}","{}"
SHUF00842.jpg,117215,"{}",1,0,"{""name"":""point"",""cx"":1105,""cy"":894}","{}"
SHUF00843.jpg,220109,"{}",1,0,"{""name"":""point"",""cx"":1038,""cy"":1032}","{}"
SHUF00844.jpg,210392,"{}",1,0,"{""name"":""point"",""cx"":1514,""cy"":1179}","{}"
SHUF00845.jpg,341628,"{}",1,0,"{""name"":""point"",""cx"":1622,""cy"":1264}","{}"
SHUF00846.jpg,563652,"{}",1,0,"{""name"":""point"",""cx"":1246,""cy"":1633}","{}"
SHUF00847.jpg,345178,"{}",1,0,"{""name"":""point"",""cx"":734,""cy"":1186}","{}"
SHUF00848.jpg,125345,"{}",1,0,"{""name"":""point"",""cx"":538,""cy"":863}","{}"
SHUF00849.jpg,284210,"{}",1,0,"{""name"":""point"",""cx"":1196,""cy"":1689}","{}"
SHUF00850.jpg,383549,"{}",1,0,"{""name"":""point"",""cx"":801,""cy"":1315}","{}"
SHUF00851.jpg,387130,"{}",1,0,"{""name"":""point"",""cx"":1432,""cy"":1173}","{}"
SHUF00852.jpg,683575,"{}",1,0,"{""name"":""point"",""cx"":1242,""cy"":1663}","{}"
SHUF00853.jpg,123595,"{}",1,0,"{""name"":""point"",""cx"":1050,""cy"":1176}","{}"
SHUF00854.jpg,406047,"{}",1,0,"{""name"":""point"",""cx"":1388,""cy"":1312}","{}"
SHUF00855.jpg,271279,"{}",1,0,"{""name"":""point"",""cx"":1379,""cy"":1226}","{}"
SHUF00856.jpg,335058,"{}",1,0,"{""name"":""point"",""cx"":1157,""cy"":1256}","{}"
SHUF00857.jpg,163226,"{}",1,0,"{""name"":""point"",""cx"":612,""cy"":976}","{}"
SHUF00858.jpg,654961,"{}",1,0,"{""name"":""point"",""cx"":1131,""cy"":1761}","{}"
SHUF00859.jpg,368973,"{}",1,0,"{""name"":""point"",""cx"":823,""cy"":1304}","{}"
SHUF00860.jpg,438020,"{}",1,0,"{""name"":""point"",""cx"":1059,""cy"":1410}","{}"
SHUF00861.jpg,133672,"{}",1,0,"{""name"":""point"",""cx"":648,""cy"":822}","{}"
SHUF00862.jpg,405768,"{}",1,0,"{""name"":""point"",""cx"":1334,""cy"":1086}","{}"
SHUF00863.jpg,423020,"{}",1,0,"{""name"":""point"",""cx"":1024,""cy"":1541}","{}"
SHUF00864.jpg,261171,"{}",1,0,"{""name"":""point"",""cx"":851,""cy"":1124}","{}"
SHUF00865.jpg,218815,"{}",1,0,"{""name"":""point"",""cx"":1484,""cy"":1190}","{}"
SHUF00866.jpg,263926,"{}",1,0,"{""name"":""point"",""cx"":1473,""cy"":1200}","{}"
SHUF00867.jpg,422253,"{}",1,0,"{""name"":""point"",""cx"":967,""cy"":1578}","{}"
SHUF00868.jpg,298253,"{}",1,0,"{""name"":""point"",""cx"":1270,""cy"":1039}","{}"
SHUF00869.jpg,356615,"{}",1,0,"{""name"":""point"",""cx"":1324,""cy"":1340}","{}"
SHUF00870.jpg,329278,"{}",1,0,"{""name"":""point"",""cx"":1482,""cy"":1237}","{}"
SHUF00871.jpg,518154,"{}",1,0,"{""name"":""point"",""cx"":1302,""cy"":1835}","{}"
SHUF00872.jpg,149776,"{}",1,0,"{""name"":""point"",""cx"":1134,""cy"":1013}","{}"
SHUF00873.jpg,242503,"{}",1,0,"{""name"":""point"",""cx"":1381,""cy"":1125}","{}"
SHUF00874.jpg,259465,"{}",1,0,"{""name"":""point"",""cx"":1118,""cy"":1204}","{}"
SHUF00875.jpg,160835,"{}",1,0,"{""name"":""point"",""cx"":1214,""cy"":1073}","{}"
SHUF00876.jpg,157665,"{}",1,0,"{""name"":""point"",""cx"":1142,""cy"":1003}","{}"
SHUF00877.jpg,291523,"{}",1,0,"{""name"":""point"",""cx"":1016,""cy"":1011}","{}"
SHUF00878.jpg,649063,"{}",1,0,"{""name"":""point"",""cx"":1967,""cy"":1678}","{}"
SHUF00879.jpg,151162,"{}",1,0,"{""name"":""point"",""cx"":822,""cy"":1046}","{}"
SHUF00880.jpg,446954,"{}",1,0,"{""name"":""point"",""cx"":1710,""cy"":1479}","{}"
SHUF00881.jpg,188436,"{}",1,0,"{""name"":""point"",""cx"":932,""cy"":1131}","{}"
SHUF00882.jpg,172233,"{}",1,0,"{""name"":""point"",""cx"":1423,""cy"":1139}","{}"
SHUF00883.jpg,438960,"{}",1,0,"{""name"":""point"",""cx"":1021,""cy"":1493}","{}"
SHUF00884.jpg,250176,"{}",1,0,"{""name"":""point"",""cx"":871,""cy"":1142}","{}"
SHUF00885.jpg,364754,"{}",1,0,"{""name"":""point"",""cx"":1370,""cy"":1144}","{}"
SHUF00886.jpg,232213,"{}",1,0,"{""name"":""point"",""cx"":728,""cy"":1170}","{}"
SHUF00887.jpg,340787,"{}",1,0,"{""name"":""point"",""cx"":904,""cy"":1270}","{}"
SHUF00888.jpg,295573,"{}",1,0,"{""name"":""point"",""cx"":1448,""cy"":1128}","{}"
SHUF00889.jpg,245849,"{}",1,0,"{""name"":""point"",""cx"":1393,""cy"":1129}","{}"
SHUF00890.jpg,641626,"{}",1,0,"{""name"":""point"",""cx"":1210,""cy"":1699}","{}"
SHUF00891.jpg,515374,"{}",1,0,"{""name"":""point"",""cx"":1390,""cy"":2124}","{}"
SHUF00892.jpg,447062,"{}",1,0,"{""name"":""point"",""cx"":2179,""cy"":1612}","{}"
SHUF00893.jpg,156116,"{}",1,0,"{""name"":""point"",""cx"":1137,""cy"":852}","{}"
SHUF00894.jpg,327306,"{}",1,0,"{""name"":""point"",""cx"":1613,""cy"":1675}","{}"
SHUF00895.jpg,321756,"{}",1,0,"{""name"":""point"",""cx"":894,""cy"":1153}","{}"
SHUF00896.jpg,117766,"{}",1,0,"{""name"":""point"",""cx"":880,""cy"":809}","{}"
SHUF00897.jpg,457182,"{}",1,0,"{""name"":""point"",""cx"":1238,""cy"":1662}","{}"
SHUF00898.jpg,131731,"{}",1,0,"{""name"":""point"",""cx"":587,""cy"":964}","{}"
SHUF00899.jpg,218170,"{}",1,0,"{""name"":""point"",""cx"":835,""cy"":1168}","{}"
SHUF00900.jpg,443415,"{}",1,0,"{""name"":""point"",""cx"":1041,""cy"":1400}","{}"
SHUF00901.jpg,212029,"{}",1,0,"{""name"":""point"",""cx"":846,""cy"":1115}","{}"
SHUF00902.jpg,233994,"{}",1,0,"{""name"":""point"",""cx"":755,""cy"":1033}","{}"
SHUF00903.jpg,127181,"{}",1,0,"{""name"":""point"",""cx"":1205,""cy"":993}","{}"
SHUF00904.jpg,151507,"{}",1,0,"{""name"":""point"",""cx"":1103,""cy"":1027}","{}"
SHUF00905.jpg,260177,"{}",1,0,"{""name"":""point"",""cx"":1032,""cy"":1034}","{}"
SHUF00906.jpg,342943,"{}",1,0,"{""name"":""point"",""cx"":892,""cy"":1138}","{}"
SHUF00907.jpg,260451,"{}",1,0,"{""name"":""point"",""cx"":952,""cy"":1163}","{}"
SHUF00908.jpg,139090,"{}",1,0,"{""name"":""point"",""cx"":752,""cy"":951}","{}"
SHUF00909.jpg,329329,"{}",1,0,"{""name"":""point"",""cx"":872,""cy"":1120}","{}"
SHUF00910.jpg,260460,"{}",1,0,"{""name"":""point"",""cx"":931,""cy"":1173}","{}"
SHUF00911.jpg,459959,"{}",1,0,"{""name"":""point"",""cx"":1979,""cy"":1572}","{}"
SHUF00912.jpg,420100,"{}",1,0,"{""name"":""point"",""cx"":1518,""cy"":1588}","{}"
SHUF00913.jpg,278086,"{}",1,0,"{""name"":""point"",""cx"":836,""cy"":1103}","{}"
SHUF00914.jpg,313423,"{}",1,0,"{""name"":""point"",""cx"":1725,""cy"":1165}","{}"
SHUF00915.jpg,592895,"{}",1,0,"{""name"":""point"",""cx"":1255,""cy"":1680}","{}"
SHUF00916.jpg,639493,"{}",1,0,"{""name"":""point"",""cx"":1157,""cy"":1602}","{}"
SHUF00917.jpg,199985,"{}",1,0,"{""name"":""point"",""cx"":1496,""cy"":1170}","{}"
SHUF00918.jpg,205470,"{}",1,0,"{""name"":""point"",""cx"":1440,""cy"":1164}","{}"
SHUF00919.jpg,110792,"{}",1,0,"{""name"":""point"",""cx"":1132,""cy"":831}","{}"
SHUF00920.jpg,461304,"{}",1,0,"{""name"":""point"",""cx"":1374,""cy"":1643}","{}"
SHUF00921.jpg,271577,"{}",1,0,"{""name"":""point"",""cx"":1383,""cy"":1154}","{}"
SHUF00922.jpg,216876,"{}",1,0,"{""name"":""point"",""cx"":1426,""cy"":1142}","{}"
SHUF00923.jpg,219685,"{}",1,0,"{""name"":""point"",""cx"":1176,""cy"":1124}","{}"
SHUF00924.jpg,335168,"{}",1,0,"{""name"":""point"",""cx"":1639,""cy"":1346}","{}"
SHUF00925.jpg,334862,"{}",1,0,"{""name"":""point"",""cx"":1472,""cy"":1258}","{}"
SHUF00926.jpg,215215,"{}",1,0,"{""name"":""point"",""cx"":1377,""cy"":1124}","{}"
SHUF00927.jpg,129702,"{}",1,0,"{""name"":""point"",""cx"":1129,""cy"":856}","{}"
SHUF00928.jpg,245393,"{}",1,0,"{""name"":""point"",""cx"":1420,""cy"":1234}","{}"
SHUF00929.jpg,453886,"{}",1,0,"{""name"":""point"",""cx"":1027,""cy"":1409}","{}"
SHUF00930.jpg,530257,"{}",1,0,"{""name"":""point"",""cx"":1994,""cy"":1653}","{}"
SHUF00931.jpg,135405,"{}",1,0,"{""name"":""point"",""cx"":773,""cy"":861}","{}"
SHUF00932.jpg,184749,"{}",1,0,"{""name"":""point"",""cx"":946,""cy"":1108}","{}"
SHUF00933.jpg,241855,"{}",1,0,"{""name"":""point"",""cx"":1452,""cy"":1160}","{}"
SHUF00934.jpg,862308,"{}",1,0,"{""name"":""point"",""cx"":1170,""cy"":1759}","{}"
SHUF00935.jpg,440509,"{}",1,0,"{""name"":""point"",""cx"":1748,""cy"":1422}","{}"
SHUF00936.jpg,259985,"{}",1,0,"{""name"":""point"",""cx"":1404,""cy"":1126}","{}"
SHUF00937.jpg,143339,"{}",1,0,"{""name"":""point"",""cx"":1145,""cy"":1013}","{}"
SHUF00938.jpg,213206,"{}",1,0,"{""name"":""point"",""cx"":1394,""cy"":1159}","{}"
SHUF00939.jpg,306269,"{}",1,0,"{""name"":""point"",""cx"":1210,""cy"":1175}","{}"
SHUF00940.jpg,413709,"{}",1,0,"{""name"":""point"",""cx"":1179,""cy"":1766}","{}"
SHUF00941.jpg,465736,"{}",1,0,"{""name"":""point"",""cx"":1089,""cy"":1393}","{}"
SHUF00942.jpg,322318,"{}",1,0,"{""name"":""point"",""cx"":2163,""cy"":1618}","{}"
SHUF00943.jpg,674827,"{}",1,0,"{""name"":""point"",""cx"":1279,""cy"":1695}","{}"
SHUF00944.jpg,255369,"{}",1,0,"{""name"":""point"",""cx"":1285,""cy"":1102}","{}"
SHUF00945.jpg,333538,"{}",1,0,"{""name"":""point"",""cx"":879,""cy"":1208}","{}"
SHUF00946.jpg,248110,"{}",1,0,"{""name"":""point"",""cx"":1460,""cy"":1188}","{}"
SHUF00947.jpg,322774,"{}",1,0,"{""name"":""point"",""cx"":1434,""cy"":1163}","{}"
SHUF00948.jpg,477216,"{}",1,0,"{""name"":""point"",""cx"":1215,""cy"":1197}","{}"
SHUF00949.jpg,329523,"{}",1,0,"{""name"":""point"",""cx"":1535,""cy"":1179}","{}"
SHUF00950.jpg,242291,"{}",1,0,"{""name"":""point"",""cx"":884,""cy"":1247}","{}"
SHUF00951.jpg,149831,"{}",1,0,"{""name"":""point"",""cx"":1091,""cy"":1125}","{}"
SHUF00952.jpg,286129,"{}",1,0,"{""name"":""point"",""cx"":931,""cy"":1285}","{}"
SHUF00953.jpg,221743,"{}",1,0,"{""name"":""point"",""cx"":1424,""cy"":1108}","{}"
SHUF00954.jpg,289765,"{}",1,0,"{""name"":""point"",""cx"":867,""cy"":1092}","{}"
SHUF00955.jpg,308374,"{}",1,0,"{""name"":""point"",""cx"":909,""cy"":1275}","{}"
SHUF00956.jpg,474459,"{}",1,0,"{""name"":""point"",""cx"":2158,""cy"":1611}","{}"
SHUF00957.jpg,341022,"{}",1,0,"{""name"":""point"",""cx"":1479,""cy"":1148}","{}"
SHUF00958.jpg,414710,"{}",1,0,"{""name"":""point"",""cx"":1133,""cy"":863}","{}"
SHUF00959.jpg,214275,"{}",1,0,"{""name"":""point"",""cx"":717,""cy"":1156}","{}"
SHUF00960.jpg,344753,"{}",1,0,"{""name"":""point"",""cx"":835,""cy"":1274}","{}"
SHUF00961.jpg,296380,"{}",1,0,"{""name"":""point"",""cx"":1239,""cy"":919}","{}"
SHUF00962.jpg,224516,"{}",1,0,"{""name"":""point"",""cx"":1367,""cy"":1127}","{}"
SHUF00963.jpg,293949,"{}",1,0,"{""name"":""point"",""cx"":1394,""cy"":1132}","{}"
SHUF00964.jpg,198881,"{}",1,0,"{""name"":""point"",""cx"":1463,""cy"":1149}","{}"
SHUF00965.jpg,486302,"{}",1,0,"{""name"":""point"",""cx"":1727,""cy"":1392}","{}"
SHUF00966.jpg,164927,"{}",1,0,"{""name"":""point"",""cx"":1128,""cy"":1074}","{}"
SHUF00967.jpg,498638,"{}",1,0,"{""name"":""point"",""cx"":967,""cy"":1576}","{}"
SHUF00968.jpg,509995,"{}",1,0,"{""name"":""point"",""cx"":1835,""cy"":1642}","{}"
SHUF00969.jpg,389350,"{}",1,0,"{""name"":""point"",""cx"":1086,""cy"":1368}","{}"
SHUF00970.jpg,807991,"{}",1,0,"{""name"":""point"",""cx"":1993,""cy"":1654}","{}"
SHUF00971.jpg,239306,"{}",1,0,"{""name"":""point"",""cx"":2167,""cy"":1124}","{}"
SHUF00972.jpg,733480,"{}",1,0,"{""name"":""point"",""cx"":1991,""cy"":1671}","{}"
SHUF00973.jpg,240306,"{}",1,0,"{""name"":""point"",""cx"":1385,""cy"":1141}","{}"
SHUF00974.jpg,397125,"{}",1,0,"{""name"":""point"",""cx"":1513,""cy"":1163}","{}"
SHUF00975.jpg,318926,"{}",1,0,"{""name"":""point"",""cx"":1200,""cy"":1169}","{}"
SHUF00976.jpg,265731,"{}",1,0,"{""name"":""point"",""cx"":870,""cy"":1197}","{}"
SHUF00977.jpg,611155,"{}",1,0,"{""name"":""point"",""cx"":1931,""cy"":1756}","{}"
SHUF00978.jpg,639251,"{}",1,0,"{""name"":""point"",""cx"":1864,""cy"":1587}","{}"
SHUF00979.jpg,298385,"{}",1,0,"{""name"":""point"",""cx"":1461,""cy"":1076}","{}"
SHUF00980.jpg,252183,"{}",1,0,"{""name"":""point"",""cx"":720,""cy"":1162}","{}"
SHUF00981.jpg,303515,"{}",1,0,"{""name"":""point"",""cx"":912,""cy"":1261}","{}"
SHUF00982.jpg,224190,"{}",1,0,"{""name"":""point"",""cx"":887,""cy"":1164}","{}"
SHUF00983.jpg,263936,"{}",1,0,"{""name"":""point"",""cx"":1432,""cy"":1188}","{}"
SHUF00984.jpg,622043,"{}",1,0,"{""name"":""point"",""cx"":1978,""cy"":1678}","{}"
SHUF00985.jpg,173362,"{}",1,0,"{""name"":""point"",""cx"":1340,""cy"":1123}","{}"
SHUF00986.jpg,129363,"{}",1,0,"{""name"":""point"",""cx"":632,""cy"":932}","{}"
SHUF00987.jpg,147930,"{}",1,0,"{""name"":""point"",""cx"":948,""cy"":985}","{}"
SHUF00988.jpg,457840,"{}",1,0,"{""name"":""point"",""cx"":1746,""cy"":1438}","{}"
SHUF00989.jpg,138948,"{}",1,0,"{""name"":""point"",""cx"":1130,""cy"":877}","{}"
SHUF00990.jpg,405178,"{}",1,0,"{""name"":""point"",""cx"":981,""cy"":1600}","{}"
SHUF00991.jpg,391753,"{}",1,0,"{""name"":""point"",""cx"":1430,""cy"":1175}","{}"
SHUF00992.jpg,128676,"{}",1,0,"{""name"":""point"",""cx"":1135,""cy"":887}","{}"
SHUF00993.jpg,136066,"{}",1,0,"{""name"":""point"",""cx"":1127,""cy"":899}","{}"
SHUF00994.jpg,273392,"{}",1,0,"{""name"":""point"",""cx"":1397,""cy"":1128}","{}"
SHUF00995.jpg,255234,"{}",1,0,"{""name"":""point"",""cx"":1012,""cy"":1039}","{}"
SHUF00996.jpg,316942,"{}",1,0,"{""name"":""point"",""cx"":861,""cy"":1159}","{}"
SHUF00997.jpg,231429,"{}",1,0,"{""name"":""point"",""cx"":1442,""cy"":1144}","{}"
SHUF00998.jpg,253776,"{}",1,0,"{""name"":""point"",""cx"":699,""cy"":1161}","{}"
SHUF00999.jpg,177016,"{}",1,0,"{""name"":""point"",""cx"":1446,""cy"":1086}","{}"
SHUF01000.jpg,264224,"{}",1,0,"{""name"":""point"",""cx"":1416,""cy"":1255}","{}"